Customer_ID,Product_ID,Order_Number,Order_Date,N_Items,List_Price,Description,Country_Code,Country,Gender,Birthday,Colour,Category,Inventory,Category,Pattern
100001,203030101,21,22/01/2019,3,49.99,Relaxed and Casual Shirts White Plain,124,Canada,0,10/05/2004,WHITE,SHIRTS,81,RELAXED AND CASUAL,PLAIN
100001,101050703,19,20/01/2019,8,99.99,Contemporary and Clean Jackets Red Geometric,124,Canada,0,10/05/2004,RED,JACKETS,83,CONTEMPORARY AND CLEAN,GEOMETRIC
100001,102050701,19,20/01/2019,8,49.99,Utility and Basics Jackets Red Plain,124,Canada,0,10/05/2004,RED,JACKETS,33,UTILITY AND BASICS,PLAIN
100001,202040503,19,20/01/2019,8,129.99,Utility and Basics Pants Green Geometric,124,Canada,0,10/05/2004,GREEN,PANTS,55,UTILITY AND BASICS,GEOMETRIC
100001,103010103,21,22/01/2019,3,39.99,Relaxed and Casual Hats White Geometric,124,Canada,0,10/05/2004,WHITE,HATS,15,RELAXED AND CASUAL,GEOMETRIC
100001,204040602,19,20/01/2019,8,159.99,Dress to Impress Pants Purple Striped,124,Canada,0,10/05/2004,PURPLE,PANTS,4,DRESS TO IMPRESS,STRIPED
100001,101030409,58,21/01/2019,3,19.99,Contemporary and Clean Shirts Blue Floral,124,Canada,0,10/05/2004,BLUE,SHIRTS,42,CONTEMPORARY AND CLEAN,FLORAL
100001,201010508,58,22/01/2019,3,39.99,Contemporary and Clean Hats Green Polka Dots,124,Canada,0,10/05/2004,GREEN,HATS,9,CONTEMPORARY AND CLEAN,POLKA DOTS
100001,102060703,19,23/01/2019,8,19.99,Utility and Basics sweaters Red Geometric,124,Canada,0,10/05/2004,RED,SWEATERS,48,UTILITY AND BASICS,GEOMETRIC
100001,103040101,21,24/01/2019,3,59.99,Relaxed and Casual Pants White Plain,124,Canada,0,10/05/2004,WHITE,PANTS,4,RELAXED AND CASUAL,PLAIN
100001,102050603,93,25/01/2019,2,59.99,Utility and Basics Jackets Purple Geometric,124,Canada,0,10/05/2004,PURPLE,JACKETS,6,UTILITY AND BASICS,GEOMETRIC
100001,202030501,19,26/01/2019,8,89.99,Utility and Basics Shirts Green Plain,124,Canada,0,10/05/2004,GREEN,SHIRTS,19,UTILITY AND BASICS,PLAIN
100001,101050410,58,27/01/2019,3,49.99,Contemporary and Clean Jackets Blue Animal print,124,Canada,0,10/05/2004,BLUE,JACKETS,97,CONTEMPORARY AND CLEAN,ANIMAL PRINT
100001,101050702,19,28/01/2019,8,149.99,Contemporary and Clean Jackets Red Striped,124,Canada,0,10/05/2004,RED,JACKETS,61,CONTEMPORARY AND CLEAN,STRIPED
100001,102030402,19,29/01/2019,8,19.99,Utility and Basics Shirts Blue Striped,124,Canada,0,10/05/2004,BLUE,SHIRTS,8,UTILITY AND BASICS,STRIPED
100001,102030603,93,30/01/2019,2,9.99,Utility and Basics Shirts Purple Geometric,124,Canada,0,10/05/2004,PURPLE,SHIRTS,75,UTILITY AND BASICS,GEOMETRIC
310020,101050309,26,31/01/2019,8,129.99,Contemporary and Clean Jackets Brown Floral,840,USA,1,13/05/1970,BROWN,JACKETS,24,CONTEMPORARY AND CLEAN,FLORAL
310020,103020401,26,01/02/2019,8,19.99,Relaxed and Casual Shoes Blue Plain,840,USA,1,13/05/1970,BLUE,SHOES,60,RELAXED AND CASUAL,PLAIN
310020,102030203,61,02/02/2019,7,89.99,Utility and Basics Shirts Black Geometric,840,USA,1,13/05/1970,BLACK,SHIRTS,5,UTILITY AND BASICS,GEOMETRIC
310020,102020201,26,03/02/2019,8,9.99,Utility and Basics Shoes Black Plain,840,USA,1,13/05/1970,BLACK,SHOES,76,UTILITY AND BASICS,PLAIN
310020,102020204,61,04/02/2019,7,19.99,Utility and Basics Shoes Black Check,840,USA,1,13/05/1970,BLACK,SHOES,27,UTILITY AND BASICS,CHECK
310020,103040310,26,05/02/2019,8,149.99,Relaxed and Casual Pants Brown Animal print,840,USA,1,13/05/1970,BROWN,PANTS,69,RELAXED AND CASUAL,ANIMAL PRINT
310020,110050506,52,06/02/2019,3,139.99,Runway Inspired Jackets Green Paisley,840,USA,1,13/05/1970,GREEN,JACKETS,42,RUNWAY INSPIRED,PAISLEY
310020,104010201,61,07/02/2019,7,59.99,Dress to Impress Hats Black Plain,840,USA,1,13/05/1970,BLACK,HATS,2,DRESS TO IMPRESS,PLAIN
310020,104030104,61,08/02/2019,7,109.99,Dress to Impress Shirts White Check,840,USA,1,13/05/1970,WHITE,SHIRTS,59,DRESS TO IMPRESS,CHECK
310020,104041001,11,09/02/2019,2,119.99,Dress to Impress Pants Orange Plain,840,USA,1,13/05/1970,ORANGE,PANTS,98,DRESS TO IMPRESS,PLAIN
310020,102050401,26,10/02/2019,8,129.99,Utility and Basics Jackets Blue Plain,840,USA,1,13/05/1970,BLUE,JACKETS,94,UTILITY AND BASICS,PLAIN
310020,102010109,26,11/02/2019,8,29.99,Utility and Basics Hats White Floral,840,USA,1,13/05/1970,WHITE,HATS,23,UTILITY AND BASICS,FLORAL
310020,101050202,61,12/02/2019,7,139.99,Contemporary and Clean Jackets Black Striped,840,USA,1,13/05/1970,BLACK,JACKETS,70,CONTEMPORARY AND CLEAN,STRIPED
310020,104060104,61,13/02/2019,7,189.99,Dress to Impress sweaters White Check,840,USA,1,13/05/1970,WHITE,SWEATERS,45,DRESS TO IMPRESS,CHECK
310020,104020204,61,14/02/2019,7,49.99,Dress to Impress Shoes Black Check,840,USA,1,13/05/1970,BLACK,SHOES,52,DRESS TO IMPRESS,CHECK
310020,203061008,11,15/02/2019,2,169.99,Relaxed and Casual sweaters Orange Polka Dots,840,USA,1,13/05/1970,ORANGE,SWEATERS,34,RELAXED AND CASUAL,POLKA DOTS
310020,104010506,52,16/02/2019,3,49.99,Dress to Impress Hats Green Paisley,840,USA,1,13/05/1970,GREEN,HATS,79,DRESS TO IMPRESS,PAISLEY
310020,210020406,52,17/02/2019,3,69.99,Runway Inspired Shoes Blue Paisley,840,USA,1,13/05/1970,BLUE,SHOES,81,RUNWAY INSPIRED,PAISLEY
310020,201060310,26,18/02/2019,8,159.99,Contemporary and Clean sweaters Brown Animal print,840,USA,1,13/05/1970,BROWN,SWEATERS,31,CONTEMPORARY AND CLEAN,ANIMAL PRINT
310020,103060209,1,19/02/2019,1,79.99,Relaxed and Casual sweaters Black Floral,840,USA,1,13/05/1970,BLACK,SWEATERS,65,RELAXED AND CASUAL,FLORAL
310020,103020210,26,20/02/2019,8,19.99,Relaxed and Casual Shoes Black Animal print,840,USA,1,13/05/1970,BLACK,SHOES,51,RELAXED AND CASUAL,ANIMAL PRINT
500017,109020303,35,21/02/2019,4,49.99,Romantic and Bohemian Shoes Brown Geometric,840,USA,0,05/11/2002,BROWN,SHOES,76,ROMANTIC AND BOHEMIAN,GEOMETRIC
500017,210050409,40,22/02/2019,7,179.99,Runway Inspired Jackets Blue Floral,840,USA,0,05/11/2002,BLUE,JACKETS,33,RUNWAY INSPIRED,FLORAL
500017,104060507,40,23/02/2019,7,169.99,Dress to Impress sweaters Green Houndstooth,840,USA,0,05/11/2002,GREEN,SWEATERS,12,DRESS TO IMPRESS,HOUNDSTOOTH
500017,110050308,40,24/02/2019,7,79.99,Runway Inspired Jackets Brown Polka Dots,840,USA,0,05/11/2002,BROWN,JACKETS,72,RUNWAY INSPIRED,POLKA DOTS
500017,110050307,40,25/02/2019,7,179.99,Runway Inspired Jackets Brown Houndstooth,840,USA,0,05/11/2002,BROWN,JACKETS,21,RUNWAY INSPIRED,HOUNDSTOOTH
500017,210050209,40,26/02/2019,7,59.99,Runway Inspired Jackets Black Floral,840,USA,0,05/11/2002,BLACK,JACKETS,36,RUNWAY INSPIRED,FLORAL
500017,102030601,35,27/02/2019,4,49.99,Utility and Basics Shirts Purple Plain,840,USA,0,05/11/2002,PURPLE,SHIRTS,89,UTILITY AND BASICS,PLAIN
500017,104020603,35,28/02/2019,4,69.99,Dress to Impress Shoes Purple Geometric,840,USA,0,05/11/2002,PURPLE,SHOES,12,DRESS TO IMPRESS,GEOMETRIC
500017,104030408,40,01/03/2019,7,59.99,Dress to Impress Shirts Blue Polka Dots,840,USA,0,05/11/2002,BLUE,SHIRTS,7,DRESS TO IMPRESS,POLKA DOTS
500017,102050601,35,02/03/2019,4,69.99,Utility and Basics Jackets Purple Plain,840,USA,0,05/11/2002,PURPLE,JACKETS,35,UTILITY AND BASICS,PLAIN
500017,104010107,40,03/03/2019,7,39.99,Dress to Impress Hats White Houndstooth,840,USA,0,05/11/2002,WHITE,HATS,45,DRESS TO IMPRESS,HOUNDSTOOTH
500017,202060302,59,04/03/2019,1,119.99,Utility and Basics sweaters Brown Striped,840,USA,0,05/11/2002,BROWN,SWEATERS,67,UTILITY AND BASICS,STRIPED
700002,101060505,91,05/03/2019,6,69.99,Contemporary and Clean sweaters Green Plaid,840,USA,0,26/02/2001,GREEN,SWEATERS,93,CONTEMPORARY AND CLEAN,PLAID
700002,210050109,76,06/03/2019,8,109.99,Runway Inspired Jackets White Floral,840,USA,0,26/02/2001,WHITE,JACKETS,92,RUNWAY INSPIRED,FLORAL
700002,101030806,91,07/03/2019,6,89.99,Contemporary and Clean Shirts Pink Paisley,840,USA,0,26/02/2001,PINK,SHIRTS,53,CONTEMPORARY AND CLEAN,PAISLEY
700002,103050505,91,08/03/2019,6,129.99,Relaxed and Casual Jackets Green Plaid,840,USA,0,26/02/2001,GREEN,JACKETS,96,RELAXED AND CASUAL,PLAID
700002,103010509,38,09/03/2019,6,29.99,Relaxed and Casual Hats Green Floral,840,USA,0,26/02/2001,GREEN,HATS,53,RELAXED AND CASUAL,FLORAL
700002,201030303,44,10/03/2019,8,69.99,Contemporary and Clean Shirts Brown Geometric,840,USA,0,26/02/2001,BROWN,SHIRTS,70,CONTEMPORARY AND CLEAN,GEOMETRIC
700002,103050408,38,11/03/2019,6,109.99,Relaxed and Casual Jackets Blue Polka Dots,840,USA,0,26/02/2001,BLUE,JACKETS,96,RELAXED AND CASUAL,POLKA DOTS
700002,101050507,38,12/03/2019,6,129.99,Contemporary and Clean Jackets Green Houndstooth,840,USA,0,26/02/2001,GREEN,JACKETS,58,CONTEMPORARY AND CLEAN,HOUNDSTOOTH
700002,101030301,44,13/03/2019,8,49.99,Contemporary and Clean Shirts Brown Plain,840,USA,0,26/02/2001,BROWN,SHIRTS,1,CONTEMPORARY AND CLEAN,PLAIN
700002,203010103,44,14/03/2019,8,39.99,Relaxed and Casual Hats White Geometric,840,USA,0,26/02/2001,WHITE,HATS,44,RELAXED AND CASUAL,GEOMETRIC
700002,102050907,4,15/03/2019,2,119.99,Utility and Basics Jackets Yellow Houndstooth,840,USA,0,26/02/2001,YELLOW,JACKETS,11,UTILITY AND BASICS,HOUNDSTOOTH
700002,101020309,38,16/03/2019,6,29.99,Contemporary and Clean Shoes Brown Floral,840,USA,0,26/02/2001,BROWN,SHOES,83,CONTEMPORARY AND CLEAN,FLORAL
700002,204010110,76,17/03/2019,8,49.99,Dress to Impress Hats White Animal print,840,USA,0,26/02/2001,WHITE,HATS,74,DRESS TO IMPRESS,ANIMAL PRINT
700002,209010109,76,18/03/2019,8,29.99,Romantic and Bohemian Hats White Floral,840,USA,0,26/02/2001,WHITE,HATS,42,ROMANTIC AND BOHEMIAN,FLORAL
700002,201040804,67,19/03/2019,2,69.99,Contemporary and Clean Pants Pink Check,840,USA,0,26/02/2001,PINK,PANTS,76,CONTEMPORARY AND CLEAN,CHECK
700002,103030908,67,20/03/2019,2,9.99,Relaxed and Casual Shirts Yellow Polka Dots,840,USA,0,26/02/2001,YELLOW,SHIRTS,28,RELAXED AND CASUAL,POLKA DOTS
700002,103040202,44,21/03/2019,8,109.99,Relaxed and Casual Pants Black Striped,840,USA,0,26/02/2001,BLACK,PANTS,92,RELAXED AND CASUAL,STRIPED
700002,101020203,44,22/03/2019,8,39.99,Contemporary and Clean Shoes Black Geometric,840,USA,0,26/02/2001,BLACK,SHOES,36,CONTEMPORARY AND CLEAN,GEOMETRIC
700002,103060207,38,23/03/2019,6,59.99,Relaxed and Casual sweaters Black Houndstooth,840,USA,0,26/02/2001,BLACK,SWEATERS,15,RELAXED AND CASUAL,HOUNDSTOOTH
700002,109021009,76,24/03/2019,8,69.99,Romantic and Bohemian Shoes Orange Floral,840,USA,0,26/02/2001,ORANGE,SHOES,30,ROMANTIC AND BOHEMIAN,FLORAL
700002,204031009,76,25/03/2019,8,39.99,Dress to Impress Shirts Orange Floral,840,USA,0,26/02/2001,ORANGE,SHIRTS,22,DRESS TO IMPRESS,FLORAL
700002,101010201,44,26/03/2019,8,39.99,Contemporary and Clean Hats Black Plain,840,USA,0,26/02/2001,BLACK,HATS,20,CONTEMPORARY AND CLEAN,PLAIN
700002,103010103,44,27/03/2019,8,39.99,Relaxed and Casual Hats White Geometric,840,USA,0,26/02/2001,WHITE,HATS,6,RELAXED AND CASUAL,GEOMETRIC
700002,109011008,76,28/03/2019,8,29.99,Romantic and Bohemian Hats Orange Polka Dots,840,USA,0,26/02/2001,ORANGE,HATS,85,ROMANTIC AND BOHEMIAN,POLKA DOTS
700002,101060304,44,29/03/2019,8,39.99,Contemporary and Clean sweaters Brown Check,840,USA,0,26/02/2001,BROWN,SWEATERS,88,CONTEMPORARY AND CLEAN,CHECK
700002,103010603,91,30/03/2019,6,29.99,Relaxed and Casual Hats Purple Geometric,840,USA,0,26/02/2001,PURPLE,HATS,41,RELAXED AND CASUAL,GEOMETRIC
700002,204011007,4,31/03/2019,2,69.99,Dress to Impress Hats Orange Houndstooth,840,USA,0,26/02/2001,ORANGE,HATS,67,DRESS TO IMPRESS,HOUNDSTOOTH
700002,104031007,76,01/04/2019,8,99.99,Dress to Impress Shirts Orange Houndstooth,840,USA,0,26/02/2001,ORANGE,SHIRTS,81,DRESS TO IMPRESS,HOUNDSTOOTH
700002,201020509,38,02/04/2019,6,49.99,Contemporary and Clean Shoes Green Floral,840,USA,0,26/02/2001,GREEN,SHOES,26,CONTEMPORARY AND CLEAN,FLORAL
700002,201060604,91,03/04/2019,6,119.99,Contemporary and Clean sweaters Purple Check,840,USA,0,26/02/2001,PURPLE,SWEATERS,90,CONTEMPORARY AND CLEAN,CHECK
700002,210060107,76,04/04/2019,8,99.99,Runway Inspired sweaters White Houndstooth,840,USA,0,26/02/2001,WHITE,SWEATERS,37,RUNWAY INSPIRED,HOUNDSTOOTH
700002,101030605,91,05/04/2019,6,59.99,Contemporary and Clean Shirts Purple Plaid,840,USA,0,26/02/2001,PURPLE,SHIRTS,21,CONTEMPORARY AND CLEAN,PLAID
700015,104060808,87,06/04/2019,8,129.99,Dress to Impress sweaters Pink Polka Dots,840,USA,0,25/11/1992,PINK,SWEATERS,92,DRESS TO IMPRESS,POLKA DOTS
700015,101010708,16,07/04/2019,8,19.99,Contemporary and Clean Hats Red Polka Dots,840,USA,0,25/11/1992,RED,HATS,20,CONTEMPORARY AND CLEAN,POLKA DOTS
700015,103040101,60,08/04/2019,6,59.99,Relaxed and Casual Pants White Plain,840,USA,0,25/11/1992,WHITE,PANTS,14,RELAXED AND CASUAL,PLAIN
700015,203060309,79,09/04/2019,7,159.99,Relaxed and Casual sweaters Brown Floral,840,USA,0,25/11/1992,BROWN,SWEATERS,54,RELAXED AND CASUAL,FLORAL
700015,103050409,51,10/04/2019,7,29.99,Relaxed and Casual Jackets Blue Floral,840,USA,0,25/11/1992,BLUE,JACKETS,45,RELAXED AND CASUAL,FLORAL
700015,103060209,51,11/04/2019,7,79.99,Relaxed and Casual sweaters Black Floral,840,USA,0,25/11/1992,BLACK,SWEATERS,60,RELAXED AND CASUAL,FLORAL
700015,203040101,87,12/04/2019,8,69.99,Relaxed and Casual Pants White Plain,840,USA,0,25/11/1992,WHITE,PANTS,30,RELAXED AND CASUAL,PLAIN
700015,103010508,16,13/04/2019,8,9.99,Relaxed and Casual Hats Green Polka Dots,840,USA,0,25/11/1992,GREEN,HATS,88,RELAXED AND CASUAL,POLKA DOTS
700015,201050409,51,14/04/2019,7,59.99,Contemporary and Clean Jackets Blue Floral,840,USA,0,25/11/1992,BLUE,JACKETS,59,CONTEMPORARY AND CLEAN,FLORAL
700015,101050501,79,15/04/2019,7,49.99,Contemporary and Clean Jackets Green Plain,840,USA,0,25/11/1992,GREEN,JACKETS,32,CONTEMPORARY AND CLEAN,PLAIN
700015,101020706,16,16/04/2019,8,49.99,Contemporary and Clean Shoes Red Paisley,840,USA,0,25/11/1992,RED,SHOES,29,CONTEMPORARY AND CLEAN,PAISLEY
700015,103010101,60,17/04/2019,6,19.99,Relaxed and Casual Hats White Plain,840,USA,0,25/11/1992,WHITE,HATS,50,RELAXED AND CASUAL,PLAIN
700015,203030108,87,18/04/2019,8,79.99,Relaxed and Casual Shirts White Polka Dots,840,USA,0,25/11/1992,WHITE,SHIRTS,92,RELAXED AND CASUAL,POLKA DOTS
700015,104060801,60,19/04/2019,6,139.99,Dress to Impress sweaters Pink Plain,840,USA,0,25/11/1992,PINK,SWEATERS,33,DRESS TO IMPRESS,PLAIN
700015,101040410,79,20/04/2019,7,109.99,Contemporary and Clean Pants Blue Animal print,840,USA,0,25/11/1992,BLUE,PANTS,38,CONTEMPORARY AND CLEAN,ANIMAL PRINT
700015,103020407,51,21/04/2019,7,19.99,Relaxed and Casual Shoes Blue Houndstooth,840,USA,0,25/11/1992,BLUE,SHOES,81,RELAXED AND CASUAL,HOUNDSTOOTH
700015,101060608,16,22/04/2019,8,109.99,Contemporary and Clean sweaters Purple Polka Dots,840,USA,0,25/11/1992,PURPLE,SWEATERS,93,CONTEMPORARY AND CLEAN,POLKA DOTS
700015,101051001,20,23/04/2019,5,69.99,Contemporary and Clean Jackets Orange Plain,840,USA,0,25/11/1992,ORANGE,JACKETS,44,CONTEMPORARY AND CLEAN,PLAIN
700015,103040110,87,24/04/2019,8,149.99,Relaxed and Casual Pants White Animal print,840,USA,0,25/11/1992,WHITE,PANTS,2,RELAXED AND CASUAL,ANIMAL PRINT
700015,101040904,60,25/04/2019,6,79.99,Contemporary and Clean Pants Yellow Check,840,USA,0,25/11/1992,YELLOW,PANTS,71,CONTEMPORARY AND CLEAN,CHECK
700015,101060309,79,26/04/2019,7,139.99,Contemporary and Clean sweaters Brown Floral,840,USA,0,25/11/1992,BROWN,SWEATERS,50,CONTEMPORARY AND CLEAN,FLORAL
700015,103040308,51,27/04/2019,7,99.99,Relaxed and Casual Pants Brown Polka Dots,840,USA,0,25/11/1992,BROWN,PANTS,19,RELAXED AND CASUAL,POLKA DOTS
700015,101010401,79,28/04/2019,7,39.99,Contemporary and Clean Hats Blue Plain,840,USA,0,25/11/1992,BLUE,HATS,92,CONTEMPORARY AND CLEAN,PLAIN
700015,202060901,20,29/04/2019,5,159.99,Utility and Basics sweaters Yellow Plain,840,USA,0,25/11/1992,YELLOW,SWEATERS,21,UTILITY AND BASICS,PLAIN
700015,302030101,87,30/04/2019,8,39.99,Utility and Basics Shirts White Plain,840,USA,0,25/11/1992,WHITE,SHIRTS,13,UTILITY AND BASICS,PLAIN
700015,203060803,49,01/05/2019,5,49.99,Relaxed and Casual sweaters Pink Geometric,840,USA,0,25/11/1992,PINK,SWEATERS,65,RELAXED AND CASUAL,GEOMETRIC
700015,102050101,87,02/05/2019,8,119.99,Utility and Basics Jackets White Plain,840,USA,0,25/11/1992,WHITE,JACKETS,94,UTILITY AND BASICS,PLAIN
700015,101030708,16,03/05/2019,8,69.99,Contemporary and Clean Shirts Red Polka Dots,840,USA,0,25/11/1992,RED,SHIRTS,85,CONTEMPORARY AND CLEAN,POLKA DOTS
700015,104030807,17,04/05/2019,2,99.99,Dress to Impress Shirts Pink Houndstooth,840,USA,0,25/11/1992,PINK,SHIRTS,78,DRESS TO IMPRESS,HOUNDSTOOTH
700015,102061008,17,05/05/2019,2,159.99,Utility and Basics sweaters Orange Polka Dots,840,USA,0,25/11/1992,ORANGE,SWEATERS,100,UTILITY AND BASICS,POLKA DOTS
700015,104020102,82,06/05/2019,3,59.99,Dress to Impress Shoes White Striped,840,USA,0,25/11/1992,WHITE,SHOES,14,DRESS TO IMPRESS,STRIPED
700015,201060705,16,07/05/2019,8,109.99,Contemporary and Clean sweaters Red Plaid,840,USA,0,25/11/1992,RED,SWEATERS,11,CONTEMPORARY AND CLEAN,PLAID
700015,102061002,60,08/05/2019,6,59.99,Utility and Basics sweaters Orange Striped,840,USA,0,25/11/1992,ORANGE,SWEATERS,90,UTILITY AND BASICS,STRIPED
700015,102050910,20,09/05/2019,5,19.99,Utility and Basics Jackets Yellow Animal print,840,USA,0,25/11/1992,YELLOW,JACKETS,45,UTILITY AND BASICS,ANIMAL PRINT
700015,101030302,82,10/05/2019,3,9.99,Contemporary and Clean Shirts Brown Striped,840,USA,0,25/11/1992,BROWN,SHIRTS,55,CONTEMPORARY AND CLEAN,STRIPED
700015,101050105,82,11/05/2019,3,79.99,Contemporary and Clean Jackets White Plaid,840,USA,0,25/11/1992,WHITE,JACKETS,92,CONTEMPORARY AND CLEAN,PLAID
700015,201040708,16,12/05/2019,8,59.99,Contemporary and Clean Pants Red Polka Dots,840,USA,0,25/11/1992,RED,PANTS,41,CONTEMPORARY AND CLEAN,POLKA DOTS
700015,103020901,20,13/05/2019,5,39.99,Relaxed and Casual Shoes Yellow Plain,840,USA,0,25/11/1992,YELLOW,SHOES,84,RELAXED AND CASUAL,PLAIN
700015,101010408,51,14/05/2019,7,9.99,Contemporary and Clean Hats Blue Polka Dots,840,USA,0,25/11/1992,BLUE,HATS,52,CONTEMPORARY AND CLEAN,POLKA DOTS
700015,103050310,79,15/05/2019,7,119.99,Relaxed and Casual Jackets Brown Animal print,840,USA,0,25/11/1992,BROWN,JACKETS,21,RELAXED AND CASUAL,ANIMAL PRINT
700015,204051010,28,16/05/2019,2,79.99,Dress to Impress Jackets Orange Animal print,840,USA,0,25/11/1992,ORANGE,JACKETS,69,DRESS TO IMPRESS,ANIMAL PRINT
700015,104061009,31,17/05/2019,1,199.99,Dress to Impress sweaters Orange Floral,840,USA,0,25/11/1992,ORANGE,SWEATERS,44,DRESS TO IMPRESS,FLORAL
700015,101060905,72,18/05/2019,2,139.99,Contemporary and Clean sweaters Yellow Plaid,840,USA,0,25/11/1992,YELLOW,SWEATERS,17,CONTEMPORARY AND CLEAN,PLAID
700015,203041010,28,19/05/2019,2,79.99,Relaxed and Casual Pants Orange Animal print,840,USA,0,25/11/1992,ORANGE,PANTS,29,RELAXED AND CASUAL,ANIMAL PRINT
700015,103020805,72,20/05/2019,2,19.99,Relaxed and Casual Shoes Pink Plaid,840,USA,0,25/11/1992,PINK,SHOES,50,RELAXED AND CASUAL,PLAID
700015,104051009,87,21/05/2019,8,139.99,Dress to Impress Jackets Orange Floral,840,USA,0,25/11/1992,ORANGE,JACKETS,93,DRESS TO IMPRESS,FLORAL
700015,103020601,79,22/05/2019,7,39.99,Relaxed and Casual Shoes Purple Plain,840,USA,0,25/11/1992,PURPLE,SHOES,92,RELAXED AND CASUAL,PLAIN
700015,104020909,20,23/05/2019,5,59.99,Dress to Impress Shoes Yellow Floral,840,USA,0,25/11/1992,YELLOW,SHOES,5,DRESS TO IMPRESS,FLORAL
700015,203050606,16,24/05/2019,8,149.99,Relaxed and Casual Jackets Purple Paisley,840,USA,0,25/11/1992,PURPLE,JACKETS,26,RELAXED AND CASUAL,PAISLEY
700015,202060103,60,25/05/2019,6,89.99,Utility and Basics sweaters White Geometric,840,USA,0,25/11/1992,WHITE,SWEATERS,43,UTILITY AND BASICS,GEOMETRIC
700015,101030705,49,26/05/2019,5,9.99,Contemporary and Clean Shirts Red Plaid,840,USA,0,25/11/1992,RED,SHIRTS,74,CONTEMPORARY AND CLEAN,PLAID
700015,201050804,49,27/05/2019,5,89.99,Contemporary and Clean Jackets Pink Check,840,USA,0,25/11/1992,PINK,JACKETS,19,CONTEMPORARY AND CLEAN,CHECK
700015,201010208,51,28/05/2019,7,29.99,Contemporary and Clean Hats Black Polka Dots,840,USA,0,25/11/1992,BLACK,HATS,18,CONTEMPORARY AND CLEAN,POLKA DOTS
700015,101030101,87,29/05/2019,8,69.99,Contemporary and Clean Shirts White Plain,840,USA,0,25/11/1992,WHITE,SHIRTS,11,CONTEMPORARY AND CLEAN,PLAIN
700015,103010804,49,30/05/2019,5,29.99,Relaxed and Casual Hats Pink Check,840,USA,0,25/11/1992,PINK,HATS,92,RELAXED AND CASUAL,CHECK
700015,101060806,49,31/05/2019,5,109.99,Contemporary and Clean sweaters Pink Paisley,840,USA,0,25/11/1992,PINK,SWEATERS,72,CONTEMPORARY AND CLEAN,PAISLEY
2900003,101030508,37,01/06/2019,2,29.99,Contemporary and Clean Shirts Green Polka Dots,840,USA,0,13/05/1996,GREEN,SHIRTS,52,CONTEMPORARY AND CLEAN,POLKA DOTS
2900003,104011008,12,02/06/2019,3,49.99,Dress to Impress Hats Orange Polka Dots,840,USA,0,13/05/1996,ORANGE,HATS,94,DRESS TO IMPRESS,POLKA DOTS
2900003,103040410,66,03/06/2019,8,39.99,Relaxed and Casual Pants Blue Animal print,840,USA,0,13/05/1996,BLUE,PANTS,54,RELAXED AND CASUAL,ANIMAL PRINT
2900003,104040408,66,04/06/2019,8,169.99,Dress to Impress Pants Blue Polka Dots,840,USA,0,13/05/1996,BLUE,PANTS,0,DRESS TO IMPRESS,POLKA DOTS
2900003,202050208,95,05/06/2019,3,29.99,Utility and Basics Jackets Black Polka Dots,840,USA,0,13/05/1996,BLACK,JACKETS,6,UTILITY AND BASICS,POLKA DOTS
2900003,101030410,66,06/06/2019,8,89.99,Contemporary and Clean Shirts Blue Animal print,840,USA,0,13/05/1996,BLUE,SHIRTS,42,CONTEMPORARY AND CLEAN,ANIMAL PRINT
2900003,208020101,53,07/06/2019,2,39.99,Athletic Shoes White Plain,840,USA,0,13/05/1996,WHITE,SHOES,11,ATHLETIC,PLAIN
2900003,102060306,95,08/06/2019,3,99.99,Utility and Basics sweaters Brown Paisley,840,USA,0,13/05/1996,BROWN,SWEATERS,10,UTILITY AND BASICS,PAISLEY
2900003,302030401,66,09/06/2019,8,9.99,Utility and Basics Shirts Blue Plain,840,USA,0,13/05/1996,BLUE,SHIRTS,10,UTILITY AND BASICS,PLAIN
2900003,102060805,12,10/06/2019,3,29.99,Utility and Basics sweaters Pink Plaid,840,USA,0,13/05/1996,PINK,SWEATERS,58,UTILITY AND BASICS,PLAID
2900003,204030307,66,11/06/2019,8,109.99,Dress to Impress Shirts Brown Houndstooth,840,USA,0,13/05/1996,BROWN,SHIRTS,90,DRESS TO IMPRESS,HOUNDSTOOTH
2900003,102031006,65,12/06/2019,3,79.99,Utility and Basics Shirts Orange Paisley,840,USA,0,13/05/1996,ORANGE,SHIRTS,19,UTILITY AND BASICS,PAISLEY
2900003,102030209,66,13/06/2019,8,29.99,Utility and Basics Shirts Black Floral,840,USA,0,13/05/1996,BLACK,SHIRTS,1,UTILITY AND BASICS,FLORAL
2900003,101060109,66,14/06/2019,8,159.99,Contemporary and Clean sweaters White Floral,840,USA,0,13/05/1996,WHITE,SWEATERS,77,CONTEMPORARY AND CLEAN,FLORAL
2900003,110010804,65,15/06/2019,3,59.99,Runway Inspired Hats Pink Check,840,USA,0,13/05/1996,PINK,HATS,90,RUNWAY INSPIRED,CHECK
2900003,104020210,66,16/06/2019,8,49.99,Dress to Impress Shoes Black Animal print,840,USA,0,13/05/1996,BLACK,SHOES,72,DRESS TO IMPRESS,ANIMAL PRINT
2900003,201020209,95,17/06/2019,3,29.99,Contemporary and Clean Shoes Black Floral,840,USA,0,13/05/1996,BLACK,SHOES,34,CONTEMPORARY AND CLEAN,FLORAL
2900003,208010310,53,18/06/2019,2,39.99,Athletic Hats Brown Animal print,840,USA,0,13/05/1996,BROWN,HATS,2,ATHLETIC,ANIMAL PRINT
2900003,204050805,65,19/06/2019,3,169.99,Dress to Impress Jackets Pink Plaid,840,USA,0,13/05/1996,PINK,JACKETS,68,DRESS TO IMPRESS,PLAID
2900003,201040509,37,20/06/2019,2,69.99,Contemporary and Clean Pants Green Floral,840,USA,0,13/05/1996,GREEN,PANTS,35,CONTEMPORARY AND CLEAN,FLORAL
2900003,103050106,12,21/06/2019,3,119.99,Relaxed and Casual Jackets White Paisley,840,USA,0,13/05/1996,WHITE,JACKETS,87,RELAXED AND CASUAL,PAISLEY
3000005,103030504,83,22/06/2019,3,79.99,Relaxed and Casual Shirts Green Check,840,USA,0,07/02/1997,GREEN,SHIRTS,97,RELAXED AND CASUAL,CHECK
3000005,203060502,83,23/06/2019,3,99.99,Relaxed and Casual sweaters Green Striped,840,USA,0,07/02/1997,GREEN,SWEATERS,65,RELAXED AND CASUAL,STRIPED
3000005,103020503,83,24/06/2019,3,39.99,Relaxed and Casual Shoes Green Geometric,840,USA,0,07/02/1997,GREEN,SHOES,64,RELAXED AND CASUAL,GEOMETRIC
3200007,103020903,46,25/06/2019,3,29.99,Relaxed and Casual Shoes Yellow Geometric,124,Canada,0,30/07/1982,YELLOW,SHOES,20,RELAXED AND CASUAL,GEOMETRIC
3200007,110020208,81,26/06/2019,2,59.99,Runway Inspired Shoes Black Polka Dots,124,Canada,0,30/07/1982,BLACK,SHOES,77,RUNWAY INSPIRED,POLKA DOTS
3200007,201030905,25,27/06/2019,4,49.99,Contemporary and Clean Shirts Yellow Plaid,124,Canada,0,30/07/1982,YELLOW,SHIRTS,59,CONTEMPORARY AND CLEAN,PLAID
3200007,102030609,8,28/06/2019,7,79.99,Utility and Basics Shirts Purple Floral,124,Canada,0,30/07/1982,PURPLE,SHIRTS,24,UTILITY AND BASICS,FLORAL
3200007,104040706,8,29/06/2019,7,179.99,Dress to Impress Pants Red Paisley,124,Canada,0,30/07/1982,RED,PANTS,29,DRESS TO IMPRESS,PAISLEY
3200007,104010509,81,30/06/2019,2,69.99,Dress to Impress Hats Green Floral,124,Canada,0,30/07/1982,GREEN,HATS,10,DRESS TO IMPRESS,FLORAL
3200007,204010508,8,01/07/2019,7,59.99,Dress to Impress Hats Green Polka Dots,124,Canada,0,30/07/1982,GREEN,HATS,77,DRESS TO IMPRESS,POLKA DOTS
3200007,102010609,8,02/07/2019,7,19.99,Utility and Basics Hats Purple Floral,124,Canada,0,30/07/1982,PURPLE,HATS,74,UTILITY AND BASICS,FLORAL
3200007,104030705,25,03/07/2019,4,109.99,Dress to Impress Shirts Red Plaid,124,Canada,0,30/07/1982,RED,SHIRTS,9,DRESS TO IMPRESS,PLAID
3200007,201050905,46,04/07/2019,3,129.99,Contemporary and Clean Jackets Yellow Plaid,124,Canada,0,30/07/1982,YELLOW,JACKETS,75,CONTEMPORARY AND CLEAN,PLAID
3200007,103060904,46,05/07/2019,3,109.99,Relaxed and Casual sweaters Yellow Check,124,Canada,0,30/07/1982,YELLOW,SWEATERS,34,RELAXED AND CASUAL,CHECK
3200007,202060903,25,06/07/2019,4,109.99,Utility and Basics sweaters Yellow Geometric,124,Canada,0,30/07/1982,YELLOW,SWEATERS,23,UTILITY AND BASICS,GEOMETRIC
3200007,104050905,25,07/07/2019,4,149.99,Dress to Impress Jackets Yellow Plaid,124,Canada,0,30/07/1982,YELLOW,JACKETS,64,DRESS TO IMPRESS,PLAID
3200007,103060807,8,08/07/2019,7,49.99,Relaxed and Casual sweaters Pink Houndstooth,124,Canada,0,30/07/1982,PINK,SWEATERS,38,RELAXED AND CASUAL,HOUNDSTOOTH
3200007,102010503,74,09/07/2019,2,9.99,Utility and Basics Hats Green Geometric,124,Canada,0,30/07/1982,GREEN,HATS,56,UTILITY AND BASICS,GEOMETRIC
3200007,303060701,74,10/07/2019,2,39.99,Relaxed and Casual sweaters Red Plain,124,Canada,0,30/07/1982,RED,SWEATERS,17,RELAXED AND CASUAL,PLAIN
3200007,103020607,8,11/07/2019,7,49.99,Relaxed and Casual Shoes Purple Houndstooth,124,Canada,0,30/07/1982,PURPLE,SHOES,27,RELAXED AND CASUAL,HOUNDSTOOTH
3200007,201040709,8,12/07/2019,7,49.99,Contemporary and Clean Pants Red Floral,124,Canada,0,30/07/1982,RED,PANTS,29,CONTEMPORARY AND CLEAN,FLORAL
3300012,203040206,63,13/07/2019,2,119.99,Relaxed and Casual Pants Black Paisley,840,USA,0,11/01/2004,BLACK,PANTS,97,RELAXED AND CASUAL,PAISLEY
3300012,203030309,69,14/07/2019,4,9.99,Relaxed and Casual Shirts Brown Floral,840,USA,0,11/01/2004,BROWN,SHIRTS,96,RELAXED AND CASUAL,FLORAL
3300012,103060106,63,15/07/2019,2,149.99,Relaxed and Casual sweaters White Paisley,840,USA,0,11/01/2004,WHITE,SWEATERS,68,RELAXED AND CASUAL,PAISLEY
3300012,103060408,69,16/07/2019,4,29.99,Relaxed and Casual sweaters Blue Polka Dots,840,USA,0,11/01/2004,BLUE,SWEATERS,69,RELAXED AND CASUAL,POLKA DOTS
3300012,201040307,69,17/07/2019,4,69.99,Contemporary and Clean Pants Brown Houndstooth,840,USA,0,11/01/2004,BROWN,PANTS,67,CONTEMPORARY AND CLEAN,HOUNDSTOOTH
3300012,103020410,69,18/07/2019,4,49.99,Relaxed and Casual Shoes Blue Animal print,840,USA,0,11/01/2004,BLUE,SHOES,98,RELAXED AND CASUAL,ANIMAL PRINT
3500006,104050601,29,19/07/2019,4,129.99,Dress to Impress Jackets Purple Plain,124,Canada,0,18/09/2001,PURPLE,JACKETS,26,DRESS TO IMPRESS,PLAIN
3500006,106010604,73,20/07/2019,4,29.99,Funky and Bold Hats Purple Check,124,Canada,0,18/09/2001,PURPLE,HATS,61,FUNKY AND BOLD,CHECK
3500006,110020606,32,21/07/2019,6,49.99,Runway Inspired Shoes Purple Paisley,124,Canada,0,18/09/2001,PURPLE,SHOES,74,RUNWAY INSPIRED,PAISLEY
3500006,202020503,10,22/07/2019,7,9.99,Utility and Basics Shoes Green Geometric,124,Canada,0,18/09/2001,GREEN,SHOES,98,UTILITY AND BASICS,GEOMETRIC
3500006,110020605,10,23/07/2019,7,59.99,Runway Inspired Shoes Purple Plaid,124,Canada,0,18/09/2001,PURPLE,SHOES,12,RUNWAY INSPIRED,PLAID
3500006,104010605,10,24/07/2019,7,39.99,Dress to Impress Hats Purple Plaid,124,Canada,0,18/09/2001,PURPLE,HATS,59,DRESS TO IMPRESS,PLAID
3500006,203030401,78,25/07/2019,3,19.99,Relaxed and Casual Shirts Blue Plain,124,Canada,0,18/09/2001,BLUE,SHIRTS,43,RELAXED AND CASUAL,PLAIN
3500006,110020505,32,26/07/2019,6,59.99,Runway Inspired Shoes Green Plaid,124,Canada,0,18/09/2001,GREEN,SHOES,42,RUNWAY INSPIRED,PLAID
3500006,204050706,32,27/07/2019,6,89.99,Dress to Impress Jackets Red Paisley,124,Canada,0,18/09/2001,RED,JACKETS,45,DRESS TO IMPRESS,PAISLEY
3500006,102030401,89,28/07/2019,8,69.99,Utility and Basics Shirts Blue Plain,124,Canada,0,18/09/2001,BLUE,SHIRTS,17,UTILITY AND BASICS,PLAIN
3500006,104040402,29,29/07/2019,4,129.99,Dress to Impress Pants Blue Striped,124,Canada,0,18/09/2001,BLUE,PANTS,3,DRESS TO IMPRESS,STRIPED
3500006,105060504,73,30/07/2019,4,89.99,Hispter Trend sweaters Green Check,124,Canada,0,18/09/2001,GREEN,SWEATERS,48,HISPTER TREND,CHECK
3500006,104050504,32,31/07/2019,6,179.99,Dress to Impress Jackets Green Check,124,Canada,0,18/09/2001,GREEN,JACKETS,80,DRESS TO IMPRESS,CHECK
3500006,201010605,41,01/08/2019,1,9.99,Contemporary and Clean Hats Purple Plaid,124,Canada,0,18/09/2001,PURPLE,HATS,18,CONTEMPORARY AND CLEAN,PLAID
3500006,103040401,78,02/08/2019,3,89.99,Relaxed and Casual Pants Blue Plain,124,Canada,0,18/09/2001,BLUE,PANTS,15,RELAXED AND CASUAL,PLAIN
3500006,103020310,89,03/08/2019,8,39.99,Relaxed and Casual Shoes Brown Animal print,124,Canada,0,18/09/2001,BROWN,SHOES,48,RELAXED AND CASUAL,ANIMAL PRINT
3500006,104030301,29,04/08/2019,4,129.99,Dress to Impress Shirts Brown Plain,124,Canada,0,18/09/2001,BROWN,SHIRTS,12,DRESS TO IMPRESS,PLAIN
3500006,103020408,89,05/08/2019,8,49.99,Relaxed and Casual Shoes Blue Polka Dots,124,Canada,0,18/09/2001,BLUE,SHOES,77,RELAXED AND CASUAL,POLKA DOTS
3500006,109060605,10,06/08/2019,7,79.99,Romantic and Bohemian sweaters Purple Plaid,124,Canada,0,18/09/2001,PURPLE,SWEATERS,85,ROMANTIC AND BOHEMIAN,PLAID
3500006,101020210,89,07/08/2019,8,29.99,Contemporary and Clean Shoes Black Animal print,124,Canada,0,18/09/2001,BLACK,SHOES,12,CONTEMPORARY AND CLEAN,ANIMAL PRINT
3500006,101030410,89,08/08/2019,8,89.99,Contemporary and Clean Shirts Blue Animal print,124,Canada,0,18/09/2001,BLUE,SHIRTS,36,CONTEMPORARY AND CLEAN,ANIMAL PRINT
3500006,110030403,32,09/08/2019,6,59.99,Runway Inspired Shirts Blue Geometric,124,Canada,0,18/09/2001,BLUE,SHIRTS,68,RUNWAY INSPIRED,GEOMETRIC
3500006,204060210,89,10/08/2019,8,139.99,Dress to Impress sweaters Black Animal print,124,Canada,0,18/09/2001,BLACK,SWEATERS,87,DRESS TO IMPRESS,ANIMAL PRINT
3500006,104050402,78,11/08/2019,3,129.99,Dress to Impress Jackets Blue Striped,124,Canada,0,18/09/2001,BLUE,JACKETS,94,DRESS TO IMPRESS,STRIPED
3500006,107040505,73,12/08/2019,4,109.99,Party Pieces Pants Green Plaid,124,Canada,0,18/09/2001,GREEN,PANTS,18,PARTY PIECES,PLAID
3500006,110050806,10,13/08/2019,7,159.99,Runway Inspired Jackets Pink Paisley,124,Canada,0,18/09/2001,PINK,JACKETS,0,RUNWAY INSPIRED,PAISLEY
3500006,102060501,29,14/08/2019,4,149.99,Utility and Basics sweaters Green Plain,124,Canada,0,18/09/2001,GREEN,SWEATERS,4,UTILITY AND BASICS,PLAIN
3500006,110050903,10,15/08/2019,7,69.99,Runway Inspired Jackets Yellow Geometric,124,Canada,0,18/09/2001,YELLOW,JACKETS,38,RUNWAY INSPIRED,GEOMETRIC
3500006,110040806,10,16/08/2019,7,109.99,Runway Inspired Pants Pink Paisley,124,Canada,0,18/09/2001,PINK,PANTS,91,RUNWAY INSPIRED,PAISLEY
3500006,102020407,89,17/08/2019,8,19.99,Utility and Basics Shoes Blue Houndstooth,124,Canada,0,18/09/2001,BLUE,SHOES,4,UTILITY AND BASICS,HOUNDSTOOTH
3500006,204060209,89,18/08/2019,8,169.99,Dress to Impress sweaters Black Floral,124,Canada,0,18/09/2001,BLACK,SWEATERS,9,DRESS TO IMPRESS,FLORAL
3500006,204020606,32,19/08/2019,6,79.99,Dress to Impress Shoes Purple Paisley,124,Canada,0,18/09/2001,PURPLE,SHOES,6,DRESS TO IMPRESS,PAISLEY
3500006,108050503,73,20/08/2019,4,59.99,Athletic Jackets Green Geometric,124,Canada,0,18/09/2001,GREEN,JACKETS,33,ATHLETIC,GEOMETRIC
3500018,204040103,96,21/08/2019,3,119.99,Dress to Impress Pants White Geometric,840,USA,0,05/09/1988,WHITE,PANTS,5,DRESS TO IMPRESS,GEOMETRIC
3500018,109030805,70,22/08/2019,4,109.99,Romantic and Bohemian Shirts Pink Plaid,840,USA,0,05/09/1988,PINK,SHIRTS,82,ROMANTIC AND BOHEMIAN,PLAID
3500018,203030603,34,23/08/2019,5,39.99,Relaxed and Casual Shirts Purple Geometric,840,USA,0,05/09/1988,PURPLE,SHIRTS,30,RELAXED AND CASUAL,GEOMETRIC
3500018,101040604,34,24/08/2019,5,109.99,Contemporary and Clean Pants Purple Check,840,USA,0,05/09/1988,PURPLE,PANTS,15,CONTEMPORARY AND CLEAN,CHECK
3500018,104040806,70,25/08/2019,4,59.99,Dress to Impress Pants Pink Paisley,840,USA,0,05/09/1988,PINK,PANTS,86,DRESS TO IMPRESS,PAISLEY
3500018,109021006,70,26/08/2019,4,39.99,Romantic and Bohemian Shoes Orange Paisley,840,USA,0,05/09/1988,ORANGE,SHOES,64,ROMANTIC AND BOHEMIAN,PAISLEY
3500018,104021006,70,27/08/2019,4,49.99,Dress to Impress Shoes Orange Paisley,840,USA,0,05/09/1988,ORANGE,SHOES,81,DRESS TO IMPRESS,PAISLEY
3500018,110020104,96,28/08/2019,3,79.99,Runway Inspired Shoes White Check,840,USA,0,05/09/1988,WHITE,SHOES,28,RUNWAY INSPIRED,CHECK
3500018,103030404,27,29/08/2019,6,29.99,Relaxed and Casual Shirts Blue Check,840,USA,0,05/09/1988,BLUE,SHIRTS,95,RELAXED AND CASUAL,CHECK
3500018,101010702,34,30/08/2019,5,29.99,Contemporary and Clean Hats Red Striped,840,USA,0,05/09/1988,RED,HATS,56,CONTEMPORARY AND CLEAN,STRIPED
3500018,210040907,13,31/08/2019,3,179.99,Runway Inspired Pants Yellow Houndstooth,840,USA,0,05/09/1988,YELLOW,PANTS,11,RUNWAY INSPIRED,HOUNDSTOOTH
3500018,103060404,27,01/09/2019,6,39.99,Relaxed and Casual sweaters Blue Check,840,USA,0,05/09/1988,BLUE,SWEATERS,27,RELAXED AND CASUAL,CHECK
3500018,210010907,13,02/09/2019,3,39.99,Runway Inspired Hats Yellow Houndstooth,840,USA,0,05/09/1988,YELLOW,HATS,0,RUNWAY INSPIRED,HOUNDSTOOTH
3500018,110050104,96,03/09/2019,3,69.99,Runway Inspired Jackets White Check,840,USA,0,05/09/1988,WHITE,JACKETS,38,RUNWAY INSPIRED,CHECK
3500018,101060407,27,04/09/2019,6,69.99,Contemporary and Clean sweaters Blue Houndstooth,840,USA,0,05/09/1988,BLUE,SWEATERS,69,CONTEMPORARY AND CLEAN,HOUNDSTOOTH
3500018,103010706,27,05/09/2019,6,9.99,Relaxed and Casual Hats Red Paisley,840,USA,0,05/09/1988,RED,HATS,49,RELAXED AND CASUAL,PAISLEY
3500018,201020704,34,06/09/2019,5,29.99,Contemporary and Clean Shoes Red Check,840,USA,0,05/09/1988,RED,SHOES,28,CONTEMPORARY AND CLEAN,CHECK
3500018,103040606,27,07/09/2019,6,89.99,Relaxed and Casual Pants Purple Paisley,840,USA,0,05/09/1988,PURPLE,PANTS,55,RELAXED AND CASUAL,PAISLEY
3500018,101060403,34,08/09/2019,5,99.99,Contemporary and Clean sweaters Blue Geometric,840,USA,0,05/09/1988,BLUE,SWEATERS,30,CONTEMPORARY AND CLEAN,GEOMETRIC
3500018,104010106,13,09/09/2019,3,49.99,Dress to Impress Hats White Paisley,840,USA,0,05/09/1988,WHITE,HATS,61,DRESS TO IMPRESS,PAISLEY
3500018,203060504,27,10/09/2019,6,39.99,Relaxed and Casual sweaters Green Check,840,USA,0,05/09/1988,GREEN,SWEATERS,76,RELAXED AND CASUAL,CHECK
3700011,104040704,77,11/09/2019,4,69.99,Dress to Impress Pants Red Check,840,USA,0,25/12/1993,RED,PANTS,17,DRESS TO IMPRESS,CHECK
3700011,304030201,64,12/09/2019,3,59.99,Dress to Impress Shirts Black Plain,840,USA,0,25/12/1993,BLACK,SHIRTS,41,DRESS TO IMPRESS,PLAIN
3700011,101010805,77,13/09/2019,4,39.99,Contemporary and Clean Hats Pink Plaid,840,USA,0,25/12/1993,PINK,HATS,94,CONTEMPORARY AND CLEAN,PLAID
3700011,203060704,77,14/09/2019,4,129.99,Relaxed and Casual sweaters Red Check,840,USA,0,25/12/1993,RED,SWEATERS,2,RELAXED AND CASUAL,CHECK
3700011,202020110,64,15/09/2019,3,29.99,Utility and Basics Shoes White Animal print,840,USA,0,25/12/1993,WHITE,SHOES,39,UTILITY AND BASICS,ANIMAL PRINT
3700011,103040106,15,16/09/2019,3,89.99,Relaxed and Casual Pants White Paisley,840,USA,0,25/12/1993,WHITE,PANTS,58,RELAXED AND CASUAL,PAISLEY
3700011,102020206,15,17/09/2019,3,9.99,Utility and Basics Shoes Black Paisley,840,USA,0,25/12/1993,BLACK,SHOES,92,UTILITY AND BASICS,PAISLEY
3700011,103030701,7,18/09/2019,1,69.99,Relaxed and Casual Shirts Red Plain,840,USA,0,25/12/1993,RED,SHIRTS,20,RELAXED AND CASUAL,PLAIN
3700011,104050704,77,19/09/2019,4,139.99,Dress to Impress Jackets Red Check,840,USA,0,25/12/1993,RED,JACKETS,42,DRESS TO IMPRESS,CHECK
3700011,103060210,64,20/09/2019,3,49.99,Relaxed and Casual sweaters Black Animal print,840,USA,0,25/12/1993,BLACK,SWEATERS,39,RELAXED AND CASUAL,ANIMAL PRINT
3700011,103050206,15,21/09/2019,3,119.99,Relaxed and Casual Jackets Black Paisley,840,USA,0,25/12/1993,BLACK,JACKETS,59,RELAXED AND CASUAL,PAISLEY
5210019,103010606,57,22/09/2019,7,19.99,Relaxed and Casual Hats Purple Paisley,840,USA,1,02/03/1979,PURPLE,HATS,87,RELAXED AND CASUAL,PAISLEY
5210019,103021005,57,23/09/2019,7,49.99,Relaxed and Casual Shoes Orange Plaid,840,USA,1,02/03/1979,ORANGE,SHOES,23,RELAXED AND CASUAL,PLAID
5210019,103040103,94,24/09/2019,6,59.99,Relaxed and Casual Pants White Geometric,840,USA,1,02/03/1979,WHITE,PANTS,72,RELAXED AND CASUAL,GEOMETRIC
5210019,103060105,94,25/09/2019,6,69.99,Relaxed and Casual sweaters White Plaid,840,USA,1,02/03/1979,WHITE,SWEATERS,30,RELAXED AND CASUAL,PLAID
5210019,210051005,88,26/09/2019,2,59.99,Runway Inspired Jackets Orange Plaid,840,USA,1,02/03/1979,ORANGE,JACKETS,29,RUNWAY INSPIRED,PLAID
5210019,103010704,57,27/09/2019,7,19.99,Relaxed and Casual Hats Red Check,840,USA,1,02/03/1979,RED,HATS,45,RELAXED AND CASUAL,CHECK
5210019,101050806,57,28/09/2019,7,59.99,Contemporary and Clean Jackets Pink Paisley,840,USA,1,02/03/1979,PINK,JACKETS,77,CONTEMPORARY AND CLEAN,PAISLEY
5210019,103020805,57,29/09/2019,7,19.99,Relaxed and Casual Shoes Pink Plaid,840,USA,1,02/03/1979,PINK,SHOES,31,RELAXED AND CASUAL,PLAID
5210019,104060203,94,30/09/2019,6,59.99,Dress to Impress sweaters Black Geometric,840,USA,1,02/03/1979,BLACK,SWEATERS,97,DRESS TO IMPRESS,GEOMETRIC
5210019,103030806,57,01/10/2019,7,89.99,Relaxed and Casual Shirts Pink Paisley,840,USA,1,02/03/1979,PINK,SHIRTS,68,RELAXED AND CASUAL,PAISLEY
5210019,201040105,94,02/10/2019,6,129.99,Contemporary and Clean Pants White Plaid,840,USA,1,02/03/1979,WHITE,PANTS,46,CONTEMPORARY AND CLEAN,PLAID
5210019,110010905,88,03/10/2019,2,59.99,Runway Inspired Hats Yellow Plaid,840,USA,1,02/03/1979,YELLOW,HATS,31,RUNWAY INSPIRED,PLAID
5210019,201060803,57,04/10/2019,7,29.99,Contemporary and Clean sweaters Pink Geometric,840,USA,1,02/03/1979,PINK,SWEATERS,62,CONTEMPORARY AND CLEAN,GEOMETRIC
5210019,201060203,94,05/10/2019,6,89.99,Contemporary and Clean sweaters Black Geometric,840,USA,1,02/03/1979,BLACK,SWEATERS,40,CONTEMPORARY AND CLEAN,GEOMETRIC
5210019,103050205,94,06/10/2019,6,39.99,Relaxed and Casual Jackets Black Plaid,840,USA,1,02/03/1979,BLACK,JACKETS,32,RELAXED AND CASUAL,PLAID
5300016,104010805,3,07/10/2019,8,59.99,Dress to Impress Hats Pink Plaid,840,USA,0,02/03/2002,PINK,HATS,63,DRESS TO IMPRESS,PLAID
5300016,203050603,3,08/10/2019,8,99.99,Relaxed and Casual Jackets Purple Geometric,840,USA,0,02/03/2002,PURPLE,JACKETS,14,RELAXED AND CASUAL,GEOMETRIC
5300016,205020608,45,09/10/2019,4,49.99,Hispter Trend Shoes Purple Polka Dots,840,USA,0,02/03/2002,PURPLE,SHOES,71,HISPTER TREND,POLKA DOTS
5300016,202030506,90,10/10/2019,8,69.99,Utility and Basics Shirts Green Paisley,840,USA,0,02/03/2002,GREEN,SHIRTS,93,UTILITY AND BASICS,PAISLEY
5300016,103040201,5,11/10/2019,6,89.99,Relaxed and Casual Pants Black Plain,840,USA,0,02/03/2002,BLACK,PANTS,25,RELAXED AND CASUAL,PLAIN
5300016,203040108,84,12/10/2019,3,119.99,Relaxed and Casual Pants White Polka Dots,840,USA,0,02/03/2002,WHITE,PANTS,57,RELAXED AND CASUAL,POLKA DOTS
5300016,102060606,90,13/10/2019,8,109.99,Utility and Basics sweaters Purple Paisley,840,USA,0,02/03/2002,PURPLE,SWEATERS,94,UTILITY AND BASICS,PAISLEY
5300016,102030705,56,14/10/2019,4,39.99,Utility and Basics Shirts Red Plaid,840,USA,0,02/03/2002,RED,SHIRTS,48,UTILITY AND BASICS,PLAID
5300016,302060309,5,15/10/2019,6,69.99,Utility and Basics sweaters Brown Floral,840,USA,0,02/03/2002,BROWN,SWEATERS,35,UTILITY AND BASICS,FLORAL
5300016,102020705,3,16/10/2019,8,19.99,Utility and Basics Shoes Red Plaid,840,USA,0,02/03/2002,RED,SHOES,96,UTILITY AND BASICS,PLAID
5300016,202050108,33,17/10/2019,8,99.99,Utility and Basics Jackets White Polka Dots,840,USA,0,02/03/2002,WHITE,JACKETS,38,UTILITY AND BASICS,POLKA DOTS
5300016,103041007,92,18/10/2019,1,59.99,Relaxed and Casual Pants Orange Houndstooth,840,USA,0,02/03/2002,ORANGE,PANTS,38,RELAXED AND CASUAL,HOUNDSTOOTH
5300016,106040401,45,19/10/2019,4,129.99,Funky and Bold Pants Blue Plain,840,USA,0,02/03/2002,BLUE,PANTS,51,FUNKY AND BOLD,PLAIN
5300016,102040704,90,20/10/2019,8,89.99,Utility and Basics Pants Red Check,840,USA,0,02/03/2002,RED,PANTS,59,UTILITY AND BASICS,CHECK
5300016,103050405,56,21/10/2019,4,109.99,Relaxed and Casual Jackets Blue Plaid,840,USA,0,02/03/2002,BLUE,JACKETS,54,RELAXED AND CASUAL,PLAID
5300016,101040905,3,22/10/2019,8,69.99,Contemporary and Clean Pants Yellow Plaid,840,USA,0,02/03/2002,YELLOW,PANTS,89,CONTEMPORARY AND CLEAN,PLAID
5300016,104020704,90,23/10/2019,8,79.99,Dress to Impress Shoes Red Check,840,USA,0,02/03/2002,RED,SHOES,75,DRESS TO IMPRESS,CHECK
5300016,104040309,5,24/10/2019,6,89.99,Dress to Impress Pants Brown Floral,840,USA,0,02/03/2002,BROWN,PANTS,86,DRESS TO IMPRESS,FLORAL
5300016,201030208,33,25/10/2019,8,79.99,Contemporary and Clean Shirts Black Polka Dots,840,USA,0,02/03/2002,BLACK,SHIRTS,27,CONTEMPORARY AND CLEAN,POLKA DOTS
5300016,101030206,33,26/10/2019,8,99.99,Contemporary and Clean Shirts Black Paisley,840,USA,0,02/03/2002,BLACK,SHIRTS,12,CONTEMPORARY AND CLEAN,PAISLEY
5300016,102040108,33,27/10/2019,8,19.99,Utility and Basics Pants White Polka Dots,840,USA,0,02/03/2002,WHITE,PANTS,88,UTILITY AND BASICS,POLKA DOTS
5300016,103031010,84,28/10/2019,3,49.99,Relaxed and Casual Shirts Orange Animal print,840,USA,0,02/03/2002,ORANGE,SHIRTS,60,RELAXED AND CASUAL,ANIMAL PRINT
5300016,104040201,5,29/10/2019,6,69.99,Dress to Impress Pants Black Plain,840,USA,0,02/03/2002,BLACK,PANTS,68,DRESS TO IMPRESS,PLAIN
5300016,104040604,90,30/10/2019,8,119.99,Dress to Impress Pants Purple Check,840,USA,0,02/03/2002,PURPLE,PANTS,53,DRESS TO IMPRESS,CHECK
5300016,104030301,5,31/10/2019,6,129.99,Dress to Impress Shirts Brown Plain,840,USA,0,02/03/2002,BROWN,SHIRTS,9,DRESS TO IMPRESS,PLAIN
5300016,104040408,33,01/11/2019,8,169.99,Dress to Impress Pants Blue Polka Dots,840,USA,0,02/03/2002,BLUE,PANTS,33,DRESS TO IMPRESS,POLKA DOTS
5300016,203050806,3,02/11/2019,8,109.99,Relaxed and Casual Jackets Pink Paisley,840,USA,0,02/03/2002,PINK,JACKETS,63,RELAXED AND CASUAL,PAISLEY
5300016,103060706,56,03/11/2019,4,119.99,Relaxed and Casual sweaters Red Paisley,840,USA,0,02/03/2002,RED,SWEATERS,67,RELAXED AND CASUAL,PAISLEY
5300016,203050308,33,04/11/2019,8,129.99,Relaxed and Casual Jackets Brown Polka Dots,840,USA,0,02/03/2002,BROWN,JACKETS,83,RELAXED AND CASUAL,POLKA DOTS
5300016,101020107,33,05/11/2019,8,29.99,Contemporary and Clean Shoes White Houndstooth,840,USA,0,02/03/2002,WHITE,SHOES,22,CONTEMPORARY AND CLEAN,HOUNDSTOOTH
5300016,102060508,5,06/11/2019,6,39.99,Utility and Basics sweaters Green Polka Dots,840,USA,0,02/03/2002,GREEN,SWEATERS,53,UTILITY AND BASICS,POLKA DOTS
5300016,103040604,90,07/11/2019,8,119.99,Relaxed and Casual Pants Purple Check,840,USA,0,02/03/2002,PURPLE,PANTS,56,RELAXED AND CASUAL,CHECK
5300016,101030804,3,08/11/2019,8,39.99,Contemporary and Clean Shirts Pink Check,840,USA,0,02/03/2002,PINK,SHIRTS,31,CONTEMPORARY AND CLEAN,CHECK
5300016,102030307,33,09/11/2019,8,49.99,Utility and Basics Shirts Brown Houndstooth,840,USA,0,02/03/2002,BROWN,SHIRTS,61,UTILITY AND BASICS,HOUNDSTOOTH
5300016,204020507,90,10/11/2019,8,49.99,Dress to Impress Shoes Green Houndstooth,840,USA,0,02/03/2002,GREEN,SHOES,98,DRESS TO IMPRESS,HOUNDSTOOTH
5300016,104040703,3,11/11/2019,8,99.99,Dress to Impress Pants Red Geometric,840,USA,0,02/03/2002,RED,PANTS,21,DRESS TO IMPRESS,GEOMETRIC
5300016,103050809,84,12/11/2019,3,69.99,Relaxed and Casual Jackets Pink Floral,840,USA,0,02/03/2002,PINK,JACKETS,23,RELAXED AND CASUAL,FLORAL
5300016,102040705,90,13/11/2019,8,29.99,Utility and Basics Pants Red Plaid,840,USA,0,02/03/2002,RED,PANTS,31,UTILITY AND BASICS,PLAID
5300016,102040505,56,14/11/2019,4,59.99,Utility and Basics Pants Green Plaid,840,USA,0,02/03/2002,GREEN,PANTS,71,UTILITY AND BASICS,PLAID
5300016,208050601,45,15/11/2019,4,89.99,Athletic Jackets Purple Plain,840,USA,0,02/03/2002,PURPLE,JACKETS,34,ATHLETIC,PLAIN
5300016,103020705,3,16/11/2019,8,29.99,Relaxed and Casual Shoes Red Plaid,840,USA,0,02/03/2002,RED,SHOES,82,RELAXED AND CASUAL,PLAID
5300016,105060401,45,17/11/2019,4,89.99,Hispter Trend sweaters Blue Plain,840,USA,0,02/03/2002,BLUE,SWEATERS,33,HISPTER TREND,PLAIN
7200004,304040501,55,18/11/2019,4,179.99,Dress to Impress Pants Green Plain,840,USA,0,08/09/2002,GREEN,PANTS,0,DRESS TO IMPRESS,PLAIN
7200004,101030507,85,19/11/2019,2,89.99,Contemporary and Clean Shirts Green Houndstooth,840,USA,0,08/09/2002,GREEN,SHIRTS,75,CONTEMPORARY AND CLEAN,HOUNDSTOOTH
7200004,110010509,42,20/11/2019,8,39.99,Runway Inspired Hats Green Floral,840,USA,0,08/09/2002,GREEN,HATS,1,RUNWAY INSPIRED,FLORAL
7200004,101030603,55,21/11/2019,4,19.99,Contemporary and Clean Shirts Purple Geometric,840,USA,0,08/09/2002,PURPLE,SHIRTS,12,CONTEMPORARY AND CLEAN,GEOMETRIC
7200004,204010510,42,22/11/2019,8,69.99,Dress to Impress Hats Green Animal print,840,USA,0,08/09/2002,GREEN,HATS,95,DRESS TO IMPRESS,ANIMAL PRINT
7200004,104060401,42,23/11/2019,8,159.99,Dress to Impress sweaters Blue Plain,840,USA,0,08/09/2002,BLUE,SWEATERS,97,DRESS TO IMPRESS,PLAIN
7200004,304060809,39,24/11/2019,5,69.99,Dress to Impress sweaters Pink Floral,840,USA,0,08/09/2002,PINK,SWEATERS,90,DRESS TO IMPRESS,FLORAL
7200004,201030402,55,25/11/2019,4,99.99,Contemporary and Clean Shirts Blue Striped,840,USA,0,08/09/2002,BLUE,SHIRTS,48,CONTEMPORARY AND CLEAN,STRIPED
7200004,104010508,42,26/11/2019,8,59.99,Dress to Impress Hats Green Polka Dots,840,USA,0,08/09/2002,GREEN,HATS,47,DRESS TO IMPRESS,POLKA DOTS
7200004,202010703,86,27/11/2019,7,29.99,Utility and Basics Hats Red Geometric,840,USA,0,08/09/2002,RED,HATS,79,UTILITY AND BASICS,GEOMETRIC
7200004,101040309,85,28/11/2019,2,49.99,Contemporary and Clean Pants Brown Floral,840,USA,0,08/09/2002,BROWN,PANTS,50,CONTEMPORARY AND CLEAN,FLORAL
7200004,101050807,39,29/11/2019,5,59.99,Contemporary and Clean Jackets Pink Houndstooth,840,USA,0,08/09/2002,PINK,JACKETS,50,CONTEMPORARY AND CLEAN,HOUNDSTOOTH
7200004,104030809,39,30/11/2019,5,69.99,Dress to Impress Shirts Pink Floral,840,USA,0,08/09/2002,PINK,SHIRTS,15,DRESS TO IMPRESS,FLORAL
7200004,109010403,86,01/12/2019,7,29.99,Romantic and Bohemian Hats Blue Geometric,840,USA,0,08/09/2002,BLUE,HATS,53,ROMANTIC AND BOHEMIAN,GEOMETRIC
7200004,110050503,86,02/12/2019,7,159.99,Runway Inspired Jackets Green Geometric,840,USA,0,08/09/2002,GREEN,JACKETS,64,RUNWAY INSPIRED,GEOMETRIC
7200004,102060509,39,03/12/2019,5,139.99,Utility and Basics sweaters Green Floral,840,USA,0,08/09/2002,GREEN,SWEATERS,87,UTILITY AND BASICS,FLORAL
7200004,104030607,42,04/12/2019,8,49.99,Dress to Impress Shirts Purple Houndstooth,840,USA,0,08/09/2002,PURPLE,SHIRTS,15,DRESS TO IMPRESS,HOUNDSTOOTH
7200004,109020704,86,05/12/2019,7,59.99,Romantic and Bohemian Shoes Red Check,840,USA,0,08/09/2002,RED,SHOES,7,ROMANTIC AND BOHEMIAN,CHECK
7200004,110020308,42,06/12/2019,8,59.99,Runway Inspired Shoes Brown Polka Dots,840,USA,0,08/09/2002,BROWN,SHOES,68,RUNWAY INSPIRED,POLKA DOTS
7200004,104050308,42,07/12/2019,8,149.99,Dress to Impress Jackets Brown Polka Dots,840,USA,0,08/09/2002,BROWN,JACKETS,38,DRESS TO IMPRESS,POLKA DOTS
7200004,210050508,42,08/12/2019,8,109.99,Runway Inspired Jackets Green Polka Dots,840,USA,0,08/09/2002,GREEN,JACKETS,61,RUNWAY INSPIRED,POLKA DOTS
7200004,102030403,86,09/12/2019,7,39.99,Utility and Basics Shirts Blue Geometric,840,USA,0,08/09/2002,BLUE,SHIRTS,78,UTILITY AND BASICS,GEOMETRIC
7200004,204030701,55,10/12/2019,4,129.99,Dress to Impress Shirts Red Plain,840,USA,0,08/09/2002,RED,SHIRTS,10,DRESS TO IMPRESS,PLAIN
7200004,104060601,86,11/12/2019,7,159.99,Dress to Impress sweaters Purple Plain,840,USA,0,08/09/2002,PURPLE,SWEATERS,28,DRESS TO IMPRESS,PLAIN
7200004,204020607,39,12/12/2019,5,79.99,Dress to Impress Shoes Purple Houndstooth,840,USA,0,08/09/2002,PURPLE,SHOES,53,DRESS TO IMPRESS,HOUNDSTOOTH
7200004,309020701,86,13/12/2019,7,49.99,Romantic and Bohemian Shoes Red Plain,840,USA,0,08/09/2002,RED,SHOES,99,ROMANTIC AND BOHEMIAN,PLAIN
7410014,103040506,22,14/12/2019,7,39.99,Relaxed and Casual Pants Green Paisley,840,USA,1,21/09/1993,GREEN,PANTS,61,RELAXED AND CASUAL,PAISLEY
7410014,103020501,50,15/12/2019,3,49.99,Relaxed and Casual Shoes Green Plain,840,USA,1,21/09/1993,GREEN,SHOES,48,RELAXED AND CASUAL,PLAIN
7410014,101020705,47,16/12/2019,2,49.99,Contemporary and Clean Shoes Red Plaid,840,USA,1,21/09/1993,RED,SHOES,90,CONTEMPORARY AND CLEAN,PLAID
7410014,207060709,100,17/12/2019,3,119.99,Party Pieces sweaters Red Floral,840,USA,1,21/09/1993,RED,SWEATERS,55,PARTY PIECES,FLORAL
7410014,103060404,6,18/12/2019,6,39.99,Relaxed and Casual sweaters Blue Check,840,USA,1,21/09/1993,BLUE,SWEATERS,37,RELAXED AND CASUAL,CHECK
7410014,104010205,30,19/12/2019,3,59.99,Dress to Impress Hats Black Plaid,840,USA,1,21/09/1993,BLACK,HATS,88,DRESS TO IMPRESS,PLAID
7410014,101060405,30,20/12/2019,3,29.99,Contemporary and Clean sweaters Blue Plaid,840,USA,1,21/09/1993,BLUE,SWEATERS,34,CONTEMPORARY AND CLEAN,PLAID
7410014,302060210,75,21/12/2019,4,69.99,Utility and Basics sweaters Black Animal print,840,USA,1,21/09/1993,BLACK,SWEATERS,32,UTILITY AND BASICS,ANIMAL PRINT
7410014,101060710,50,22/12/2019,3,39.99,Contemporary and Clean sweaters Red Animal print,840,USA,1,21/09/1993,RED,SWEATERS,50,CONTEMPORARY AND CLEAN,ANIMAL PRINT
7410014,103040409,75,23/12/2019,4,89.99,Relaxed and Casual Pants Blue Floral,840,USA,1,21/09/1993,BLUE,PANTS,27,RELAXED AND CASUAL,FLORAL
7410014,102060910,50,24/12/2019,3,29.99,Utility and Basics sweaters Yellow Animal print,840,USA,1,21/09/1993,YELLOW,SWEATERS,34,UTILITY AND BASICS,ANIMAL PRINT
7410014,102030305,6,25/12/2019,6,89.99,Utility and Basics Shirts Brown Plaid,840,USA,1,21/09/1993,BROWN,SHIRTS,6,UTILITY AND BASICS,PLAID
7410014,103030709,22,26/12/2019,7,9.99,Relaxed and Casual Shirts Red Floral,840,USA,1,21/09/1993,RED,SHIRTS,20,RELAXED AND CASUAL,FLORAL
7410014,102050609,75,27/12/2019,4,119.99,Utility and Basics Jackets Purple Floral,840,USA,1,21/09/1993,PURPLE,JACKETS,30,UTILITY AND BASICS,FLORAL
7410014,104050309,75,28/12/2019,4,149.99,Dress to Impress Jackets Brown Floral,840,USA,1,21/09/1993,BROWN,JACKETS,29,DRESS TO IMPRESS,FLORAL
7410014,101030809,43,29/12/2019,6,29.99,Contemporary and Clean Shirts Pink Floral,840,USA,1,21/09/1993,PINK,SHIRTS,83,CONTEMPORARY AND CLEAN,FLORAL
7410014,201050709,22,30/12/2019,7,99.99,Contemporary and Clean Jackets Red Floral,840,USA,1,21/09/1993,RED,JACKETS,98,CONTEMPORARY AND CLEAN,FLORAL
7410014,110060408,99,31/12/2019,5,169.99,Runway Inspired sweaters Blue Polka Dots,840,USA,1,21/09/1993,BLUE,SWEATERS,70,RUNWAY INSPIRED,POLKA DOTS
7410014,103060607,22,01/01/2020,7,99.99,Relaxed and Casual sweaters Purple Houndstooth,840,USA,1,21/09/1993,PURPLE,SWEATERS,47,RELAXED AND CASUAL,HOUNDSTOOTH
7410014,102010801,43,02/01/2020,6,19.99,Utility and Basics Hats Pink Plain,840,USA,1,21/09/1993,PINK,HATS,46,UTILITY AND BASICS,PLAIN
7410014,110030307,99,03/01/2020,5,79.99,Runway Inspired Shirts Brown Houndstooth,840,USA,1,21/09/1993,BROWN,SHIRTS,37,RUNWAY INSPIRED,HOUNDSTOOTH
7410014,203030105,30,04/01/2020,3,9.99,Relaxed and Casual Shirts White Plaid,840,USA,1,21/09/1993,WHITE,SHIRTS,30,RELAXED AND CASUAL,PLAID
7410014,110010307,99,05/01/2020,5,49.99,Runway Inspired Hats Brown Houndstooth,840,USA,1,21/09/1993,BROWN,HATS,39,RUNWAY INSPIRED,HOUNDSTOOTH
7410014,204010801,43,06/01/2020,6,39.99,Dress to Impress Hats Pink Plain,840,USA,1,21/09/1993,PINK,HATS,41,DRESS TO IMPRESS,PLAIN
7410014,105030609,100,07/01/2020,3,99.99,Hispter Trend Shirts Purple Floral,840,USA,1,21/09/1993,PURPLE,SHIRTS,86,HISPTER TREND,FLORAL
7410014,103010205,6,08/01/2020,6,39.99,Relaxed and Casual Hats Black Plaid,840,USA,1,21/09/1993,BLACK,HATS,51,RELAXED AND CASUAL,PLAID
7410014,102010504,47,09/01/2020,2,29.99,Utility and Basics Hats Green Check,840,USA,1,21/09/1993,GREEN,HATS,3,UTILITY AND BASICS,CHECK
7410014,102050801,43,10/01/2020,6,39.99,Utility and Basics Jackets Pink Plain,840,USA,1,21/09/1993,PINK,JACKETS,96,UTILITY AND BASICS,PLAIN
7410014,104060403,6,11/01/2020,6,199.99,Dress to Impress sweaters Blue Geometric,840,USA,1,21/09/1993,BLUE,SWEATERS,5,DRESS TO IMPRESS,GEOMETRIC
7410014,301050706,22,12/01/2020,7,49.99,Contemporary and Clean Jackets Red Paisley,840,USA,1,21/09/1993,RED,JACKETS,68,CONTEMPORARY AND CLEAN,PAISLEY
7410014,104060408,99,13/01/2020,5,199.99,Dress to Impress sweaters Blue Polka Dots,840,USA,1,21/09/1993,BLUE,SWEATERS,63,DRESS TO IMPRESS,POLKA DOTS
7410014,104050601,43,14/01/2020,6,129.99,Dress to Impress Jackets Purple Plain,840,USA,1,21/09/1993,PURPLE,JACKETS,60,DRESS TO IMPRESS,PLAIN
7410014,203020506,22,15/01/2020,7,19.99,Relaxed and Casual Shoes Green Paisley,840,USA,1,21/09/1993,GREEN,SHOES,75,RELAXED AND CASUAL,PAISLEY
7410014,103040607,22,16/01/2020,7,89.99,Relaxed and Casual Pants Purple Houndstooth,840,USA,1,21/09/1993,PURPLE,PANTS,13,RELAXED AND CASUAL,HOUNDSTOOTH
7410014,203040403,6,17/01/2020,6,129.99,Relaxed and Casual Pants Blue Geometric,840,USA,1,21/09/1993,BLUE,PANTS,92,RELAXED AND CASUAL,GEOMETRIC
7410014,101040302,6,18/01/2020,6,59.99,Contemporary and Clean Pants Brown Striped,840,USA,1,21/09/1993,BROWN,PANTS,1,CONTEMPORARY AND CLEAN,STRIPED
7410014,108030809,100,19/01/2020,3,89.99,Athletic Shirts Pink Floral,840,USA,1,21/09/1993,PINK,SHIRTS,3,ATHLETIC,FLORAL
7410014,210010406,99,20/01/2020,5,69.99,Runway Inspired Hats Blue Paisley,840,USA,1,21/09/1993,BLUE,HATS,5,RUNWAY INSPIRED,PAISLEY
7410014,103020809,43,21/01/2020,6,49.99,Relaxed and Casual Shoes Pink Floral,840,USA,1,21/09/1993,PINK,SHOES,72,RELAXED AND CASUAL,FLORAL
7500008,107010903,54,22/01/2020,3,9.99,Party Pieces Hats Yellow Geometric,840,USA,0,18/12/2000,YELLOW,HATS,65,PARTY PIECES,GEOMETRIC
7500008,102030109,9,23/01/2020,3,39.99,Utility and Basics Shirts White Floral,840,USA,0,18/12/2000,WHITE,SHIRTS,87,UTILITY AND BASICS,FLORAL
7500008,107020803,54,24/01/2020,3,19.99,Party Pieces Shoes Pink Geometric,840,USA,0,18/12/2000,PINK,SHOES,20,PARTY PIECES,GEOMETRIC
7500008,210021005,14,25/01/2020,8,69.99,Runway Inspired Shoes Orange Plaid,840,USA,0,18/12/2000,ORANGE,SHOES,34,RUNWAY INSPIRED,PLAID
7500008,102061009,9,26/01/2020,3,29.99,Utility and Basics sweaters Orange Floral,840,USA,0,18/12/2000,ORANGE,SWEATERS,95,UTILITY AND BASICS,FLORAL
7500008,104020907,14,27/01/2020,8,49.99,Dress to Impress Shoes Yellow Houndstooth,840,USA,0,18/12/2000,YELLOW,SHOES,42,DRESS TO IMPRESS,HOUNDSTOOTH
7500008,204040908,14,28/01/2020,8,99.99,Dress to Impress Pants Yellow Polka Dots,840,USA,0,18/12/2000,YELLOW,PANTS,99,DRESS TO IMPRESS,POLKA DOTS
7500008,201030110,9,29/01/2020,3,19.99,Contemporary and Clean Shirts White Animal print,840,USA,0,18/12/2000,WHITE,SHIRTS,86,CONTEMPORARY AND CLEAN,ANIMAL PRINT
7500008,104020805,14,30/01/2020,8,59.99,Dress to Impress Shoes Pink Plaid,840,USA,0,18/12/2000,PINK,SHOES,36,DRESS TO IMPRESS,PLAID
7500008,104020807,14,31/01/2020,8,69.99,Dress to Impress Shoes Pink Houndstooth,840,USA,0,18/12/2000,PINK,SHOES,24,DRESS TO IMPRESS,HOUNDSTOOTH
7500008,210041007,14,01/02/2020,8,99.99,Runway Inspired Pants Orange Houndstooth,840,USA,0,18/12/2000,ORANGE,PANTS,76,RUNWAY INSPIRED,HOUNDSTOOTH
7500008,307020803,54,02/02/2020,3,49.99,Party Pieces Shoes Pink Geometric,840,USA,0,18/12/2000,PINK,SHOES,80,PARTY PIECES,GEOMETRIC
7500008,204051007,14,03/02/2020,8,169.99,Dress to Impress Jackets Orange Houndstooth,840,USA,0,18/12/2000,ORANGE,JACKETS,99,DRESS TO IMPRESS,HOUNDSTOOTH
7500008,204011007,14,04/02/2020,8,69.99,Dress to Impress Hats Orange Houndstooth,840,USA,0,18/12/2000,ORANGE,HATS,47,DRESS TO IMPRESS,HOUNDSTOOTH
7910010,101050801,36,05/02/2020,2,139.99,Contemporary and Clean Jackets Pink Plain,840,USA,1,25/08/1982,PINK,JACKETS,17,CONTEMPORARY AND CLEAN,PLAIN
7910010,101020905,62,06/02/2020,4,29.99,Contemporary and Clean Shoes Yellow Plaid,840,USA,1,25/08/1982,YELLOW,SHOES,23,CONTEMPORARY AND CLEAN,PLAID
7910010,201020804,62,07/02/2020,4,49.99,Contemporary and Clean Shoes Pink Check,840,USA,1,25/08/1982,PINK,SHOES,44,CONTEMPORARY AND CLEAN,CHECK
7910010,102010903,71,08/02/2020,3,19.99,Utility and Basics Hats Yellow Geometric,840,USA,1,25/08/1982,YELLOW,HATS,40,UTILITY AND BASICS,GEOMETRIC
7910010,202060804,62,09/02/2020,4,159.99,Utility and Basics sweaters Pink Check,840,USA,1,25/08/1982,PINK,SWEATERS,51,UTILITY AND BASICS,CHECK
7910010,210030206,18,10/02/2020,2,99.99,Runway Inspired Shirts Black Paisley,840,USA,1,25/08/1982,BLACK,SHIRTS,66,RUNWAY INSPIRED,PAISLEY
7910010,104020201,97,11/02/2020,3,79.99,Dress to Impress Shoes Black Plain,840,USA,1,25/08/1982,BLACK,SHOES,100,DRESS TO IMPRESS,PLAIN
7910010,102060108,18,12/02/2020,2,39.99,Utility and Basics sweaters White Polka Dots,840,USA,1,25/08/1982,WHITE,SWEATERS,37,UTILITY AND BASICS,POLKA DOTS
7910010,101030501,97,13/02/2020,3,99.99,Contemporary and Clean Shirts Green Plain,840,USA,1,25/08/1982,GREEN,SHIRTS,100,CONTEMPORARY AND CLEAN,PLAIN
7910010,101050805,62,14/02/2020,4,119.99,Contemporary and Clean Jackets Pink Plaid,840,USA,1,25/08/1982,PINK,JACKETS,59,CONTEMPORARY AND CLEAN,PLAID
7910010,203030809,36,15/02/2020,2,79.99,Relaxed and Casual Shirts Pink Floral,840,USA,1,25/08/1982,PINK,SHIRTS,34,RELAXED AND CASUAL,FLORAL
7910010,101020510,97,16/02/2020,3,49.99,Contemporary and Clean Shoes Green Animal print,840,USA,1,25/08/1982,GREEN,SHOES,19,CONTEMPORARY AND CLEAN,ANIMAL PRINT
7910010,103021002,71,17/02/2020,3,49.99,Relaxed and Casual Shoes Orange Striped,840,USA,1,25/08/1982,ORANGE,SHOES,96,RELAXED AND CASUAL,STRIPED
7910010,204030805,71,18/02/2020,3,99.99,Dress to Impress Shirts Pink Plaid,840,USA,1,25/08/1982,PINK,SHIRTS,89,DRESS TO IMPRESS,PLAID
9400009,201030308,80,19/02/2020,5,59.99,Contemporary and Clean Shirts Brown Polka Dots,840,USA,0,29/08/1986,BROWN,SHIRTS,4,CONTEMPORARY AND CLEAN,POLKA DOTS
9400009,101061005,98,20/02/2020,4,39.99,Contemporary and Clean sweaters Orange Plaid,840,USA,0,29/08/1986,ORANGE,SWEATERS,13,CONTEMPORARY AND CLEAN,PLAID
9400009,104020905,24,21/02/2020,8,69.99,Dress to Impress Shoes Yellow Plaid,840,USA,0,29/08/1986,YELLOW,SHOES,30,DRESS TO IMPRESS,PLAID
9400009,101020310,80,22/02/2020,5,29.99,Contemporary and Clean Shoes Brown Animal print,840,USA,0,29/08/1986,BROWN,SHOES,78,CONTEMPORARY AND CLEAN,ANIMAL PRINT
9400009,104020410,80,23/02/2020,5,59.99,Dress to Impress Shoes Blue Animal print,840,USA,0,29/08/1986,BLUE,SHOES,43,DRESS TO IMPRESS,ANIMAL PRINT
9400009,103060310,80,24/02/2020,5,169.99,Relaxed and Casual sweaters Brown Animal print,840,USA,0,29/08/1986,BROWN,SWEATERS,85,RELAXED AND CASUAL,ANIMAL PRINT
9400009,304010806,24,25/02/2020,8,69.99,Dress to Impress Hats Pink Paisley,840,USA,0,29/08/1986,PINK,HATS,74,DRESS TO IMPRESS,PAISLEY
9400009,110051007,24,26/02/2020,8,109.99,Runway Inspired Jackets Orange Houndstooth,840,USA,0,29/08/1986,ORANGE,JACKETS,89,RUNWAY INSPIRED,HOUNDSTOOTH
9400009,110060806,24,27/02/2020,8,139.99,Runway Inspired sweaters Pink Paisley,840,USA,0,29/08/1986,PINK,SWEATERS,24,RUNWAY INSPIRED,PAISLEY
9400009,201030402,2,28/02/2020,8,99.99,Contemporary and Clean Shirts Blue Striped,840,USA,0,29/08/1986,BLUE,SHIRTS,81,CONTEMPORARY AND CLEAN,STRIPED
9400009,103010301,2,29/02/2020,8,39.99,Relaxed and Casual Hats Brown Plain,840,USA,0,29/08/1986,BROWN,HATS,21,RELAXED AND CASUAL,PLAIN
9400009,105020301,68,01/03/2020,4,39.99,Hispter Trend Shoes Brown Plain,840,USA,0,29/08/1986,BROWN,SHOES,14,HISPTER TREND,PLAIN
9400009,206010301,68,02/03/2020,4,19.99,Funky and Bold Hats Brown Plain,840,USA,0,29/08/1986,BROWN,HATS,88,FUNKY AND BOLD,PLAIN
9400009,110010907,24,03/03/2020,8,39.99,Runway Inspired Hats Yellow Houndstooth,840,USA,0,29/08/1986,YELLOW,HATS,26,RUNWAY INSPIRED,HOUNDSTOOTH
9400009,102040804,98,04/03/2020,4,49.99,Utility and Basics Pants Pink Check,840,USA,0,29/08/1986,PINK,PANTS,51,UTILITY AND BASICS,CHECK
9400009,104050310,80,05/03/2020,5,89.99,Dress to Impress Jackets Brown Animal print,840,USA,0,29/08/1986,BROWN,JACKETS,73,DRESS TO IMPRESS,ANIMAL PRINT
9400009,104030704,98,06/03/2020,4,39.99,Dress to Impress Shirts Red Check,840,USA,0,29/08/1986,RED,SHIRTS,70,DRESS TO IMPRESS,CHECK
9400009,107020201,68,07/03/2020,4,49.99,Party Pieces Shoes Black Plain,840,USA,0,29/08/1986,BLACK,SHOES,57,PARTY PIECES,PLAIN
9400009,104061006,24,08/03/2020,8,159.99,Dress to Impress sweaters Orange Paisley,840,USA,0,29/08/1986,ORANGE,SWEATERS,29,DRESS TO IMPRESS,PAISLEY
9400009,103040203,2,09/03/2020,8,129.99,Relaxed and Casual Pants Black Geometric,840,USA,0,29/08/1986,BLACK,PANTS,72,RELAXED AND CASUAL,GEOMETRIC
9400009,201040303,2,10/03/2020,8,89.99,Contemporary and Clean Pants Brown Geometric,840,USA,0,29/08/1986,BROWN,PANTS,21,CONTEMPORARY AND CLEAN,GEOMETRIC
9400009,104050806,24,11/03/2020,8,109.99,Dress to Impress Jackets Pink Paisley,840,USA,0,29/08/1986,PINK,JACKETS,37,DRESS TO IMPRESS,PAISLEY
9400009,201020401,2,12/03/2020,8,19.99,Contemporary and Clean Shoes Blue Plain,840,USA,0,29/08/1986,BLUE,SHOES,76,CONTEMPORARY AND CLEAN,PLAIN
9400009,201060202,2,13/03/2020,8,139.99,Contemporary and Clean sweaters Black Striped,840,USA,0,29/08/1986,BLACK,SWEATERS,80,CONTEMPORARY AND CLEAN,STRIPED
9400009,107050102,68,14/03/2020,4,39.99,Party Pieces Jackets White Striped,840,USA,0,29/08/1986,WHITE,JACKETS,99,PARTY PIECES,STRIPED
9400009,101020503,2,15/03/2020,8,39.99,Contemporary and Clean Shoes Green Geometric,840,USA,0,29/08/1986,GREEN,SHOES,17,CONTEMPORARY AND CLEAN,GEOMETRIC
9400009,103030904,98,16/03/2020,4,69.99,Relaxed and Casual Shirts Yellow Check,840,USA,0,29/08/1986,YELLOW,SHIRTS,1,RELAXED AND CASUAL,CHECK
9400009,101040401,2,17/03/2020,8,149.99,Contemporary and Clean Pants Blue Plain,840,USA,0,29/08/1986,BLUE,PANTS,71,CONTEMPORARY AND CLEAN,PLAIN
9400009,210051005,24,18/03/2020,8,59.99,Runway Inspired Jackets Orange Plaid,840,USA,0,29/08/1986,ORANGE,JACKETS,3,RUNWAY INSPIRED,PLAID
9700013,102040905,48,19/03/2020,7,19.99,Utility and Basics Pants Yellow Plaid,840,USA,0,09/05/1994,YELLOW,PANTS,22,UTILITY AND BASICS,PLAID
9700013,207060703,23,20/03/2020,8,139.99,Party Pieces sweaters Red Geometric,840,USA,0,09/05/1994,RED,SWEATERS,56,PARTY PIECES,GEOMETRIC
9700013,107010703,23,21/03/2020,8,9.99,Party Pieces Hats Red Geometric,840,USA,0,09/05/1994,RED,HATS,95,PARTY PIECES,GEOMETRIC
9700013,101011005,48,22/03/2020,7,19.99,Contemporary and Clean Hats Orange Plaid,840,USA,0,09/05/1994,ORANGE,HATS,0,CONTEMPORARY AND CLEAN,PLAID
9700013,101010805,48,23/03/2020,7,39.99,Contemporary and Clean Hats Pink Plaid,840,USA,0,09/05/1994,PINK,HATS,34,CONTEMPORARY AND CLEAN,PLAID
9700013,204051005,48,24/03/2020,7,109.99,Dress to Impress Jackets Orange Plaid,840,USA,0,09/05/1994,ORANGE,JACKETS,63,DRESS TO IMPRESS,PLAID
9700013,104030804,48,25/03/2020,7,119.99,Dress to Impress Shirts Pink Check,840,USA,0,09/05/1994,PINK,SHIRTS,58,DRESS TO IMPRESS,CHECK
9700013,108060605,23,26/03/2020,8,79.99,Athletic sweaters Purple Plaid,840,USA,0,09/05/1994,PURPLE,SWEATERS,45,ATHLETIC,PLAID
9700013,108060502,23,27/03/2020,8,79.99,Athletic sweaters Green Striped,840,USA,0,09/05/1994,GREEN,SWEATERS,19,ATHLETIC,STRIPED
9700013,107030705,23,28/03/2020,8,69.99,Party Pieces Shirts Red Plaid,840,USA,0,09/05/1994,RED,SHIRTS,15,PARTY PIECES,PLAID
9700013,101050803,48,29/03/2020,7,99.99,Contemporary and Clean Jackets Pink Geometric,840,USA,0,09/05/1994,PINK,JACKETS,96,CONTEMPORARY AND CLEAN,GEOMETRIC
9700013,207040405,23,30/03/2020,8,89.99,Party Pieces Pants Blue Plaid,840,USA,0,09/05/1994,BLUE,PANTS,57,PARTY PIECES,PLAID
9700013,206030703,23,31/03/2020,8,79.99,Funky and Bold Shirts Red Geometric,840,USA,0,09/05/1994,RED,SHIRTS,11,FUNKY AND BOLD,GEOMETRIC
9700013,106050707,23,01/04/2020,8,139.99,Funky and Bold Jackets Red Houndstooth,840,USA,0,09/05/1994,RED,JACKETS,41,FUNKY AND BOLD,HOUNDSTOOTH
9700013,103011005,48,02/04/2020,7,9.99,Relaxed and Casual Hats Orange Plaid,840,USA,0,09/05/1994,ORANGE,HATS,32,RELAXED AND CASUAL,PLAID