Product_ID,List_Price,Description,Colour,Category,Design,Pattern
203030101,49.99,Relaxed And Casual Shirts White Plain,White,Shirts,Relaxed And Casual,Plain
101050703,99.99,Contemporary And Clean Jackets Red Geometric,Red,Jackets,Contemporary And Clean,Geometric
102050701,49.99,Utility And Basics Jackets Red Plain,Red,Jackets,Utility And Basics,Plain
202040503,129.99,Utility And Basics Pants Green Geometric,Green,Pants,Utility And Basics,Geometric
103010103,39.99,Relaxed And Casual Hats White Geometric,White,Hats,Relaxed And Casual,Geometric
204040602,159.99,Dress To Impress Pants Purple Striped,Purple,Pants,Dress To Impress,Striped
101030409,19.99,Contemporary And Clean Shirts Blue Floral,Blue,Shirts,Contemporary And Clean,Floral
201010508,39.99,Contemporary And Clean Hats Green Polka Dots,Green,Hats,Contemporary And Clean,Polka Dots
102060703,19.99,Utility And Basics Sweaters Red Geometric,Red,Sweaters,Utility And Basics,Geometric
103040101,59.99,Relaxed And Casual Pants White Plain,White,Pants,Relaxed And Casual,Plain
102050603,59.99,Utility And Basics Jackets Purple Geometric,Purple,Jackets,Utility And Basics,Geometric
202030501,89.99,Utility And Basics Shirts Green Plain,Green,Shirts,Utility And Basics,Plain
101050410,49.99,Contemporary And Clean Jackets Blue Animal Print,Blue,Jackets,Contemporary And Clean,Animal Print
101050702,149.99,Contemporary And Clean Jackets Red Striped,Red,Jackets,Contemporary And Clean,Striped
102030402,19.99,Utility And Basics Shirts Blue Striped,Blue,Shirts,Utility And Basics,Striped
102030603,9.99,Utility And Basics Shirts Purple Geometric,Purple,Shirts,Utility And Basics,Geometric
101050309,129.99,Contemporary And Clean Jackets Brown Floral,Brown,Jackets,Contemporary And Clean,Floral
103020401,19.99,Relaxed And Casual Shoes Blue Plain,Blue,Shoes,Relaxed And Casual,Plain
102030203,89.99,Utility And Basics Shirts Black Geometric,Black,Shirts,Utility And Basics,Geometric
102020201,9.99,Utility And Basics Shoes Black Plain,Black,Shoes,Utility And Basics,Plain
102020204,19.99,Utility And Basics Shoes Black Check,Black,Shoes,Utility And Basics,Check
103040310,149.99,Relaxed And Casual Pants Brown Animal Print,Brown,Pants,Relaxed And Casual,Animal Print
110050506,139.99,Runway Inspired Jackets Green Paisley,Green,Jackets,Runway Inspired,Paisley
104010201,59.99,Dress To Impress Hats Black Plain,Black,Hats,Dress To Impress,Plain
104030104,109.99,Dress To Impress Shirts White Check,White,Shirts,Dress To Impress,Check
104041001,119.99,Dress To Impress Pants Orange Plain,Orange,Pants,Dress To Impress,Plain
102050401,129.99,Utility And Basics Jackets Blue Plain,Blue,Jackets,Utility And Basics,Plain
102010109,29.99,Utility And Basics Hats White Floral,White,Hats,Utility And Basics,Floral
101050202,139.99,Contemporary And Clean Jackets Black Striped,Black,Jackets,Contemporary And Clean,Striped
104060104,189.99,Dress To Impress Sweaters White Check,White,Sweaters,Dress To Impress,Check
104020204,49.99,Dress To Impress Shoes Black Check,Black,Shoes,Dress To Impress,Check
203061008,169.99,Relaxed And Casual Sweaters Orange Polka Dots,Orange,Sweaters,Relaxed And Casual,Polka Dots
104010506,49.99,Dress To Impress Hats Green Paisley,Green,Hats,Dress To Impress,Paisley
210020406,69.99,Runway Inspired Shoes Blue Paisley,Blue,Shoes,Runway Inspired,Paisley
201060310,159.99,Contemporary And Clean Sweaters Brown Animal Print,Brown,Sweaters,Contemporary And Clean,Animal Print
103060209,79.99,Relaxed And Casual Sweaters Black Floral,Black,Sweaters,Relaxed And Casual,Floral
103020210,19.99,Relaxed And Casual Shoes Black Animal Print,Black,Shoes,Relaxed And Casual,Animal Print
109020303,49.99,Romantic And Bohemian Shoes Brown Geometric,Brown,Shoes,Romantic And Bohemian,Geometric
210050409,179.99,Runway Inspired Jackets Blue Floral,Blue,Jackets,Runway Inspired,Floral
104060507,169.99,Dress To Impress Sweaters Green Houndstooth,Green,Sweaters,Dress To Impress,Houndstooth
110050308,79.99,Runway Inspired Jackets Brown Polka Dots,Brown,Jackets,Runway Inspired,Polka Dots
110050307,179.99,Runway Inspired Jackets Brown Houndstooth,Brown,Jackets,Runway Inspired,Houndstooth
210050209,59.99,Runway Inspired Jackets Black Floral,Black,Jackets,Runway Inspired,Floral
102030601,49.99,Utility And Basics Shirts Purple Plain,Purple,Shirts,Utility And Basics,Plain
104020603,69.99,Dress To Impress Shoes Purple Geometric,Purple,Shoes,Dress To Impress,Geometric
104030408,59.99,Dress To Impress Shirts Blue Polka Dots,Blue,Shirts,Dress To Impress,Polka Dots
102050601,69.99,Utility And Basics Jackets Purple Plain,Purple,Jackets,Utility And Basics,Plain
104010107,39.99,Dress To Impress Hats White Houndstooth,White,Hats,Dress To Impress,Houndstooth
202060302,119.99,Utility And Basics Sweaters Brown Striped,Brown,Sweaters,Utility And Basics,Striped
101060505,69.99,Contemporary And Clean Sweaters Green Plaid,Green,Sweaters,Contemporary And Clean,Plaid
210050109,109.99,Runway Inspired Jackets White Floral,White,Jackets,Runway Inspired,Floral
101030806,89.99,Contemporary And Clean Shirts Pink Paisley,Pink,Shirts,Contemporary And Clean,Paisley
103050505,129.99,Relaxed And Casual Jackets Green Plaid,Green,Jackets,Relaxed And Casual,Plaid
103010509,29.99,Relaxed And Casual Hats Green Floral,Green,Hats,Relaxed And Casual,Floral
201030303,69.99,Contemporary And Clean Shirts Brown Geometric,Brown,Shirts,Contemporary And Clean,Geometric
103050408,109.99,Relaxed And Casual Jackets Blue Polka Dots,Blue,Jackets,Relaxed And Casual,Polka Dots
101050507,129.99,Contemporary And Clean Jackets Green Houndstooth,Green,Jackets,Contemporary And Clean,Houndstooth
101030301,49.99,Contemporary And Clean Shirts Brown Plain,Brown,Shirts,Contemporary And Clean,Plain
203010103,39.99,Relaxed And Casual Hats White Geometric,White,Hats,Relaxed And Casual,Geometric
102050907,119.99,Utility And Basics Jackets Yellow Houndstooth,Yellow,Jackets,Utility And Basics,Houndstooth
101020309,29.99,Contemporary And Clean Shoes Brown Floral,Brown,Shoes,Contemporary And Clean,Floral
204010110,49.99,Dress To Impress Hats White Animal Print,White,Hats,Dress To Impress,Animal Print
209010109,29.99,Romantic And Bohemian Hats White Floral,White,Hats,Romantic And Bohemian,Floral
201040804,69.99,Contemporary And Clean Pants Pink Check,Pink,Pants,Contemporary And Clean,Check
103030908,9.99,Relaxed And Casual Shirts Yellow Polka Dots,Yellow,Shirts,Relaxed And Casual,Polka Dots
103040202,109.99,Relaxed And Casual Pants Black Striped,Black,Pants,Relaxed And Casual,Striped
101020203,39.99,Contemporary And Clean Shoes Black Geometric,Black,Shoes,Contemporary And Clean,Geometric
103060207,59.99,Relaxed And Casual Sweaters Black Houndstooth,Black,Sweaters,Relaxed And Casual,Houndstooth
109021009,69.99,Romantic And Bohemian Shoes Orange Floral,Orange,Shoes,Romantic And Bohemian,Floral
204031009,39.99,Dress To Impress Shirts Orange Floral,Orange,Shirts,Dress To Impress,Floral
101010201,39.99,Contemporary And Clean Hats Black Plain,Black,Hats,Contemporary And Clean,Plain
109011008,29.99,Romantic And Bohemian Hats Orange Polka Dots,Orange,Hats,Romantic And Bohemian,Polka Dots
101060304,39.99,Contemporary And Clean Sweaters Brown Check,Brown,Sweaters,Contemporary And Clean,Check
103010603,29.99,Relaxed And Casual Hats Purple Geometric,Purple,Hats,Relaxed And Casual,Geometric
204011007,69.99,Dress To Impress Hats Orange Houndstooth,Orange,Hats,Dress To Impress,Houndstooth
104031007,99.99,Dress To Impress Shirts Orange Houndstooth,Orange,Shirts,Dress To Impress,Houndstooth
201020509,49.99,Contemporary And Clean Shoes Green Floral,Green,Shoes,Contemporary And Clean,Floral
201060604,119.99,Contemporary And Clean Sweaters Purple Check,Purple,Sweaters,Contemporary And Clean,Check
210060107,99.99,Runway Inspired Sweaters White Houndstooth,White,Sweaters,Runway Inspired,Houndstooth
101030605,59.99,Contemporary And Clean Shirts Purple Plaid,Purple,Shirts,Contemporary And Clean,Plaid
104060808,129.99,Dress To Impress Sweaters Pink Polka Dots,Pink,Sweaters,Dress To Impress,Polka Dots
101010708,19.99,Contemporary And Clean Hats Red Polka Dots,Red,Hats,Contemporary And Clean,Polka Dots
203060309,159.99,Relaxed And Casual Sweaters Brown Floral,Brown,Sweaters,Relaxed And Casual,Floral
103050409,29.99,Relaxed And Casual Jackets Blue Floral,Blue,Jackets,Relaxed And Casual,Floral
203040101,69.99,Relaxed And Casual Pants White Plain,White,Pants,Relaxed And Casual,Plain
103010508,9.99,Relaxed And Casual Hats Green Polka Dots,Green,Hats,Relaxed And Casual,Polka Dots
201050409,59.99,Contemporary And Clean Jackets Blue Floral,Blue,Jackets,Contemporary And Clean,Floral
101050501,49.99,Contemporary And Clean Jackets Green Plain,Green,Jackets,Contemporary And Clean,Plain
101020706,49.99,Contemporary And Clean Shoes Red Paisley,Red,Shoes,Contemporary And Clean,Paisley
103010101,19.99,Relaxed And Casual Hats White Plain,White,Hats,Relaxed And Casual,Plain
203030108,79.99,Relaxed And Casual Shirts White Polka Dots,White,Shirts,Relaxed And Casual,Polka Dots
104060801,139.99,Dress To Impress Sweaters Pink Plain,Pink,Sweaters,Dress To Impress,Plain
101040410,109.99,Contemporary And Clean Pants Blue Animal Print,Blue,Pants,Contemporary And Clean,Animal Print
103020407,19.99,Relaxed And Casual Shoes Blue Houndstooth,Blue,Shoes,Relaxed And Casual,Houndstooth
101060608,109.99,Contemporary And Clean Sweaters Purple Polka Dots,Purple,Sweaters,Contemporary And Clean,Polka Dots
101051001,69.99,Contemporary And Clean Jackets Orange Plain,Orange,Jackets,Contemporary And Clean,Plain
103040110,149.99,Relaxed And Casual Pants White Animal Print,White,Pants,Relaxed And Casual,Animal Print
101040904,79.99,Contemporary And Clean Pants Yellow Check,Yellow,Pants,Contemporary And Clean,Check
101060309,139.99,Contemporary And Clean Sweaters Brown Floral,Brown,Sweaters,Contemporary And Clean,Floral
103040308,99.99,Relaxed And Casual Pants Brown Polka Dots,Brown,Pants,Relaxed And Casual,Polka Dots
101010401,39.99,Contemporary And Clean Hats Blue Plain,Blue,Hats,Contemporary And Clean,Plain
202060901,159.99,Utility And Basics Sweaters Yellow Plain,Yellow,Sweaters,Utility And Basics,Plain
302030101,39.99,Utility And Basics Shirts White Plain,White,Shirts,Utility And Basics,Plain
203060803,49.99,Relaxed And Casual Sweaters Pink Geometric,Pink,Sweaters,Relaxed And Casual,Geometric
102050101,119.99,Utility And Basics Jackets White Plain,White,Jackets,Utility And Basics,Plain
101030708,69.99,Contemporary And Clean Shirts Red Polka Dots,Red,Shirts,Contemporary And Clean,Polka Dots
104030807,99.99,Dress To Impress Shirts Pink Houndstooth,Pink,Shirts,Dress To Impress,Houndstooth
102061008,159.99,Utility And Basics Sweaters Orange Polka Dots,Orange,Sweaters,Utility And Basics,Polka Dots
104020102,59.99,Dress To Impress Shoes White Striped,White,Shoes,Dress To Impress,Striped
201060705,109.99,Contemporary And Clean Sweaters Red Plaid,Red,Sweaters,Contemporary And Clean,Plaid
102061002,59.99,Utility And Basics Sweaters Orange Striped,Orange,Sweaters,Utility And Basics,Striped
102050910,19.99,Utility And Basics Jackets Yellow Animal Print,Yellow,Jackets,Utility And Basics,Animal Print
101030302,9.99,Contemporary And Clean Shirts Brown Striped,Brown,Shirts,Contemporary And Clean,Striped
101050105,79.99,Contemporary And Clean Jackets White Plaid,White,Jackets,Contemporary And Clean,Plaid
201040708,59.99,Contemporary And Clean Pants Red Polka Dots,Red,Pants,Contemporary And Clean,Polka Dots
103020901,39.99,Relaxed And Casual Shoes Yellow Plain,Yellow,Shoes,Relaxed And Casual,Plain
101010408,9.99,Contemporary And Clean Hats Blue Polka Dots,Blue,Hats,Contemporary And Clean,Polka Dots
103050310,119.99,Relaxed And Casual Jackets Brown Animal Print,Brown,Jackets,Relaxed And Casual,Animal Print
204051010,79.99,Dress To Impress Jackets Orange Animal Print,Orange,Jackets,Dress To Impress,Animal Print
104061009,199.99,Dress To Impress Sweaters Orange Floral,Orange,Sweaters,Dress To Impress,Floral
101060905,139.99,Contemporary And Clean Sweaters Yellow Plaid,Yellow,Sweaters,Contemporary And Clean,Plaid
203041010,79.99,Relaxed And Casual Pants Orange Animal Print,Orange,Pants,Relaxed And Casual,Animal Print
103020805,19.99,Relaxed And Casual Shoes Pink Plaid,Pink,Shoes,Relaxed And Casual,Plaid
104051009,139.99,Dress To Impress Jackets Orange Floral,Orange,Jackets,Dress To Impress,Floral
103020601,39.99,Relaxed And Casual Shoes Purple Plain,Purple,Shoes,Relaxed And Casual,Plain
104020909,59.99,Dress To Impress Shoes Yellow Floral,Yellow,Shoes,Dress To Impress,Floral
203050606,149.99,Relaxed And Casual Jackets Purple Paisley,Purple,Jackets,Relaxed And Casual,Paisley
202060103,89.99,Utility And Basics Sweaters White Geometric,White,Sweaters,Utility And Basics,Geometric
101030705,9.99,Contemporary And Clean Shirts Red Plaid,Red,Shirts,Contemporary And Clean,Plaid
201050804,89.99,Contemporary And Clean Jackets Pink Check,Pink,Jackets,Contemporary And Clean,Check
201010208,29.99,Contemporary And Clean Hats Black Polka Dots,Black,Hats,Contemporary And Clean,Polka Dots
101030101,69.99,Contemporary And Clean Shirts White Plain,White,Shirts,Contemporary And Clean,Plain
103010804,29.99,Relaxed And Casual Hats Pink Check,Pink,Hats,Relaxed And Casual,Check
101060806,109.99,Contemporary And Clean Sweaters Pink Paisley,Pink,Sweaters,Contemporary And Clean,Paisley
101030508,29.99,Contemporary And Clean Shirts Green Polka Dots,Green,Shirts,Contemporary And Clean,Polka Dots
104011008,49.99,Dress To Impress Hats Orange Polka Dots,Orange,Hats,Dress To Impress,Polka Dots
103040410,39.99,Relaxed And Casual Pants Blue Animal Print,Blue,Pants,Relaxed And Casual,Animal Print
104040408,169.99,Dress To Impress Pants Blue Polka Dots,Blue,Pants,Dress To Impress,Polka Dots
202050208,29.99,Utility And Basics Jackets Black Polka Dots,Black,Jackets,Utility And Basics,Polka Dots
101030410,89.99,Contemporary And Clean Shirts Blue Animal Print,Blue,Shirts,Contemporary And Clean,Animal Print
208020101,39.99,Athletic Shoes White Plain,White,Shoes,Athletic,Plain
102060306,99.99,Utility And Basics Sweaters Brown Paisley,Brown,Sweaters,Utility And Basics,Paisley
302030401,9.99,Utility And Basics Shirts Blue Plain,Blue,Shirts,Utility And Basics,Plain
102060805,29.99,Utility And Basics Sweaters Pink Plaid,Pink,Sweaters,Utility And Basics,Plaid
204030307,109.99,Dress To Impress Shirts Brown Houndstooth,Brown,Shirts,Dress To Impress,Houndstooth
102031006,79.99,Utility And Basics Shirts Orange Paisley,Orange,Shirts,Utility And Basics,Paisley
102030209,29.99,Utility And Basics Shirts Black Floral,Black,Shirts,Utility And Basics,Floral
101060109,159.99,Contemporary And Clean Sweaters White Floral,White,Sweaters,Contemporary And Clean,Floral
110010804,59.99,Runway Inspired Hats Pink Check,Pink,Hats,Runway Inspired,Check
104020210,49.99,Dress To Impress Shoes Black Animal Print,Black,Shoes,Dress To Impress,Animal Print
201020209,29.99,Contemporary And Clean Shoes Black Floral,Black,Shoes,Contemporary And Clean,Floral
208010310,39.99,Athletic Hats Brown Animal Print,Brown,Hats,Athletic,Animal Print
204050805,169.99,Dress To Impress Jackets Pink Plaid,Pink,Jackets,Dress To Impress,Plaid
201040509,69.99,Contemporary And Clean Pants Green Floral,Green,Pants,Contemporary And Clean,Floral
103050106,119.99,Relaxed And Casual Jackets White Paisley,White,Jackets,Relaxed And Casual,Paisley
103030504,79.99,Relaxed And Casual Shirts Green Check,Green,Shirts,Relaxed And Casual,Check
203060502,99.99,Relaxed And Casual Sweaters Green Striped,Green,Sweaters,Relaxed And Casual,Striped
103020503,39.99,Relaxed And Casual Shoes Green Geometric,Green,Shoes,Relaxed And Casual,Geometric
103020903,29.99,Relaxed And Casual Shoes Yellow Geometric,Yellow,Shoes,Relaxed And Casual,Geometric
110020208,59.99,Runway Inspired Shoes Black Polka Dots,Black,Shoes,Runway Inspired,Polka Dots
201030905,49.99,Contemporary And Clean Shirts Yellow Plaid,Yellow,Shirts,Contemporary And Clean,Plaid
102030609,79.99,Utility And Basics Shirts Purple Floral,Purple,Shirts,Utility And Basics,Floral
104040706,179.99,Dress To Impress Pants Red Paisley,Red,Pants,Dress To Impress,Paisley
104010509,69.99,Dress To Impress Hats Green Floral,Green,Hats,Dress To Impress,Floral
204010508,59.99,Dress To Impress Hats Green Polka Dots,Green,Hats,Dress To Impress,Polka Dots
102010609,19.99,Utility And Basics Hats Purple Floral,Purple,Hats,Utility And Basics,Floral
104030705,109.99,Dress To Impress Shirts Red Plaid,Red,Shirts,Dress To Impress,Plaid
201050905,129.99,Contemporary And Clean Jackets Yellow Plaid,Yellow,Jackets,Contemporary And Clean,Plaid
103060904,109.99,Relaxed And Casual Sweaters Yellow Check,Yellow,Sweaters,Relaxed And Casual,Check
202060903,109.99,Utility And Basics Sweaters Yellow Geometric,Yellow,Sweaters,Utility And Basics,Geometric
104050905,149.99,Dress To Impress Jackets Yellow Plaid,Yellow,Jackets,Dress To Impress,Plaid
103060807,49.99,Relaxed And Casual Sweaters Pink Houndstooth,Pink,Sweaters,Relaxed And Casual,Houndstooth
102010503,9.99,Utility And Basics Hats Green Geometric,Green,Hats,Utility And Basics,Geometric
303060701,39.99,Relaxed And Casual Sweaters Red Plain,Red,Sweaters,Relaxed And Casual,Plain
103020607,49.99,Relaxed And Casual Shoes Purple Houndstooth,Purple,Shoes,Relaxed And Casual,Houndstooth
201040709,49.99,Contemporary And Clean Pants Red Floral,Red,Pants,Contemporary And Clean,Floral
203040206,119.99,Relaxed And Casual Pants Black Paisley,Black,Pants,Relaxed And Casual,Paisley
203030309,9.99,Relaxed And Casual Shirts Brown Floral,Brown,Shirts,Relaxed And Casual,Floral
103060106,149.99,Relaxed And Casual Sweaters White Paisley,White,Sweaters,Relaxed And Casual,Paisley
103060408,29.99,Relaxed And Casual Sweaters Blue Polka Dots,Blue,Sweaters,Relaxed And Casual,Polka Dots
201040307,69.99,Contemporary And Clean Pants Brown Houndstooth,Brown,Pants,Contemporary And Clean,Houndstooth
103020410,49.99,Relaxed And Casual Shoes Blue Animal Print,Blue,Shoes,Relaxed And Casual,Animal Print
104050601,129.99,Dress To Impress Jackets Purple Plain,Purple,Jackets,Dress To Impress,Plain
106010604,29.99,Funky And Bold Hats Purple Check,Purple,Hats,Funky And Bold,Check
110020606,49.99,Runway Inspired Shoes Purple Paisley,Purple,Shoes,Runway Inspired,Paisley
202020503,9.99,Utility And Basics Shoes Green Geometric,Green,Shoes,Utility And Basics,Geometric
110020605,59.99,Runway Inspired Shoes Purple Plaid,Purple,Shoes,Runway Inspired,Plaid
104010605,39.99,Dress To Impress Hats Purple Plaid,Purple,Hats,Dress To Impress,Plaid
203030401,19.99,Relaxed And Casual Shirts Blue Plain,Blue,Shirts,Relaxed And Casual,Plain
110020505,59.99,Runway Inspired Shoes Green Plaid,Green,Shoes,Runway Inspired,Plaid
204050706,89.99,Dress To Impress Jackets Red Paisley,Red,Jackets,Dress To Impress,Paisley
102030401,69.99,Utility And Basics Shirts Blue Plain,Blue,Shirts,Utility And Basics,Plain
104040402,129.99,Dress To Impress Pants Blue Striped,Blue,Pants,Dress To Impress,Striped
105060504,89.99,Hispter Trend Sweaters Green Check,Green,Sweaters,Hispter Trend,Check
104050504,179.99,Dress To Impress Jackets Green Check,Green,Jackets,Dress To Impress,Check
201010605,9.99,Contemporary And Clean Hats Purple Plaid,Purple,Hats,Contemporary And Clean,Plaid
103040401,89.99,Relaxed And Casual Pants Blue Plain,Blue,Pants,Relaxed And Casual,Plain
103020310,39.99,Relaxed And Casual Shoes Brown Animal Print,Brown,Shoes,Relaxed And Casual,Animal Print
104030301,129.99,Dress To Impress Shirts Brown Plain,Brown,Shirts,Dress To Impress,Plain
103020408,49.99,Relaxed And Casual Shoes Blue Polka Dots,Blue,Shoes,Relaxed And Casual,Polka Dots
109060605,79.99,Romantic And Bohemian Sweaters Purple Plaid,Purple,Sweaters,Romantic And Bohemian,Plaid
101020210,29.99,Contemporary And Clean Shoes Black Animal Print,Black,Shoes,Contemporary And Clean,Animal Print
110030403,59.99,Runway Inspired Shirts Blue Geometric,Blue,Shirts,Runway Inspired,Geometric
204060210,139.99,Dress To Impress Sweaters Black Animal Print,Black,Sweaters,Dress To Impress,Animal Print
104050402,129.99,Dress To Impress Jackets Blue Striped,Blue,Jackets,Dress To Impress,Striped
107040505,109.99,Party Pieces Pants Green Plaid,Green,Pants,Party Pieces,Plaid
110050806,159.99,Runway Inspired Jackets Pink Paisley,Pink,Jackets,Runway Inspired,Paisley
102060501,149.99,Utility And Basics Sweaters Green Plain,Green,Sweaters,Utility And Basics,Plain
110050903,69.99,Runway Inspired Jackets Yellow Geometric,Yellow,Jackets,Runway Inspired,Geometric
110040806,109.99,Runway Inspired Pants Pink Paisley,Pink,Pants,Runway Inspired,Paisley
102020407,19.99,Utility And Basics Shoes Blue Houndstooth,Blue,Shoes,Utility And Basics,Houndstooth
204060209,169.99,Dress To Impress Sweaters Black Floral,Black,Sweaters,Dress To Impress,Floral
204020606,79.99,Dress To Impress Shoes Purple Paisley,Purple,Shoes,Dress To Impress,Paisley
108050503,59.99,Athletic Jackets Green Geometric,Green,Jackets,Athletic,Geometric
204040103,119.99,Dress To Impress Pants White Geometric,White,Pants,Dress To Impress,Geometric
109030805,109.99,Romantic And Bohemian Shirts Pink Plaid,Pink,Shirts,Romantic And Bohemian,Plaid
203030603,39.99,Relaxed And Casual Shirts Purple Geometric,Purple,Shirts,Relaxed And Casual,Geometric
101040604,109.99,Contemporary And Clean Pants Purple Check,Purple,Pants,Contemporary And Clean,Check
104040806,59.99,Dress To Impress Pants Pink Paisley,Pink,Pants,Dress To Impress,Paisley
109021006,39.99,Romantic And Bohemian Shoes Orange Paisley,Orange,Shoes,Romantic And Bohemian,Paisley
104021006,49.99,Dress To Impress Shoes Orange Paisley,Orange,Shoes,Dress To Impress,Paisley
110020104,79.99,Runway Inspired Shoes White Check,White,Shoes,Runway Inspired,Check
103030404,29.99,Relaxed And Casual Shirts Blue Check,Blue,Shirts,Relaxed And Casual,Check
101010702,29.99,Contemporary And Clean Hats Red Striped,Red,Hats,Contemporary And Clean,Striped
210040907,179.99,Runway Inspired Pants Yellow Houndstooth,Yellow,Pants,Runway Inspired,Houndstooth
103060404,39.99,Relaxed And Casual Sweaters Blue Check,Blue,Sweaters,Relaxed And Casual,Check
210010907,39.99,Runway Inspired Hats Yellow Houndstooth,Yellow,Hats,Runway Inspired,Houndstooth
110050104,69.99,Runway Inspired Jackets White Check,White,Jackets,Runway Inspired,Check
101060407,69.99,Contemporary And Clean Sweaters Blue Houndstooth,Blue,Sweaters,Contemporary And Clean,Houndstooth
103010706,9.99,Relaxed And Casual Hats Red Paisley,Red,Hats,Relaxed And Casual,Paisley
201020704,29.99,Contemporary And Clean Shoes Red Check,Red,Shoes,Contemporary And Clean,Check
103040606,89.99,Relaxed And Casual Pants Purple Paisley,Purple,Pants,Relaxed And Casual,Paisley
101060403,99.99,Contemporary And Clean Sweaters Blue Geometric,Blue,Sweaters,Contemporary And Clean,Geometric
104010106,49.99,Dress To Impress Hats White Paisley,White,Hats,Dress To Impress,Paisley
203060504,39.99,Relaxed And Casual Sweaters Green Check,Green,Sweaters,Relaxed And Casual,Check
104040704,69.99,Dress To Impress Pants Red Check,Red,Pants,Dress To Impress,Check
304030201,59.99,Dress To Impress Shirts Black Plain,Black,Shirts,Dress To Impress,Plain
101010805,39.99,Contemporary And Clean Hats Pink Plaid,Pink,Hats,Contemporary And Clean,Plaid
203060704,129.99,Relaxed And Casual Sweaters Red Check,Red,Sweaters,Relaxed And Casual,Check
202020110,29.99,Utility And Basics Shoes White Animal Print,White,Shoes,Utility And Basics,Animal Print
103040106,89.99,Relaxed And Casual Pants White Paisley,White,Pants,Relaxed And Casual,Paisley
102020206,9.99,Utility And Basics Shoes Black Paisley,Black,Shoes,Utility And Basics,Paisley
103030701,69.99,Relaxed And Casual Shirts Red Plain,Red,Shirts,Relaxed And Casual,Plain
104050704,139.99,Dress To Impress Jackets Red Check,Red,Jackets,Dress To Impress,Check
103060210,49.99,Relaxed And Casual Sweaters Black Animal Print,Black,Sweaters,Relaxed And Casual,Animal Print
103050206,119.99,Relaxed And Casual Jackets Black Paisley,Black,Jackets,Relaxed And Casual,Paisley
103010606,19.99,Relaxed And Casual Hats Purple Paisley,Purple,Hats,Relaxed And Casual,Paisley
103021005,49.99,Relaxed And Casual Shoes Orange Plaid,Orange,Shoes,Relaxed And Casual,Plaid
103040103,59.99,Relaxed And Casual Pants White Geometric,White,Pants,Relaxed And Casual,Geometric
103060105,69.99,Relaxed And Casual Sweaters White Plaid,White,Sweaters,Relaxed And Casual,Plaid
210051005,59.99,Runway Inspired Jackets Orange Plaid,Orange,Jackets,Runway Inspired,Plaid
103010704,19.99,Relaxed And Casual Hats Red Check,Red,Hats,Relaxed And Casual,Check
101050806,59.99,Contemporary And Clean Jackets Pink Paisley,Pink,Jackets,Contemporary And Clean,Paisley
104060203,59.99,Dress To Impress Sweaters Black Geometric,Black,Sweaters,Dress To Impress,Geometric
103030806,89.99,Relaxed And Casual Shirts Pink Paisley,Pink,Shirts,Relaxed And Casual,Paisley
201040105,129.99,Contemporary And Clean Pants White Plaid,White,Pants,Contemporary And Clean,Plaid
110010905,59.99,Runway Inspired Hats Yellow Plaid,Yellow,Hats,Runway Inspired,Plaid
201060803,29.99,Contemporary And Clean Sweaters Pink Geometric,Pink,Sweaters,Contemporary And Clean,Geometric
201060203,89.99,Contemporary And Clean Sweaters Black Geometric,Black,Sweaters,Contemporary And Clean,Geometric
103050205,39.99,Relaxed And Casual Jackets Black Plaid,Black,Jackets,Relaxed And Casual,Plaid
104010805,59.99,Dress To Impress Hats Pink Plaid,Pink,Hats,Dress To Impress,Plaid
203050603,99.99,Relaxed And Casual Jackets Purple Geometric,Purple,Jackets,Relaxed And Casual,Geometric
205020608,49.99,Hispter Trend Shoes Purple Polka Dots,Purple,Shoes,Hispter Trend,Polka Dots
202030506,69.99,Utility And Basics Shirts Green Paisley,Green,Shirts,Utility And Basics,Paisley
103040201,89.99,Relaxed And Casual Pants Black Plain,Black,Pants,Relaxed And Casual,Plain
203040108,119.99,Relaxed And Casual Pants White Polka Dots,White,Pants,Relaxed And Casual,Polka Dots
102060606,109.99,Utility And Basics Sweaters Purple Paisley,Purple,Sweaters,Utility And Basics,Paisley
102030705,39.99,Utility And Basics Shirts Red Plaid,Red,Shirts,Utility And Basics,Plaid
302060309,69.99,Utility And Basics Sweaters Brown Floral,Brown,Sweaters,Utility And Basics,Floral
102020705,19.99,Utility And Basics Shoes Red Plaid,Red,Shoes,Utility And Basics,Plaid
202050108,99.99,Utility And Basics Jackets White Polka Dots,White,Jackets,Utility And Basics,Polka Dots
103041007,59.99,Relaxed And Casual Pants Orange Houndstooth,Orange,Pants,Relaxed And Casual,Houndstooth
106040401,129.99,Funky And Bold Pants Blue Plain,Blue,Pants,Funky And Bold,Plain
102040704,89.99,Utility And Basics Pants Red Check,Red,Pants,Utility And Basics,Check
103050405,109.99,Relaxed And Casual Jackets Blue Plaid,Blue,Jackets,Relaxed And Casual,Plaid
101040905,69.99,Contemporary And Clean Pants Yellow Plaid,Yellow,Pants,Contemporary And Clean,Plaid
104020704,79.99,Dress To Impress Shoes Red Check,Red,Shoes,Dress To Impress,Check
104040309,89.99,Dress To Impress Pants Brown Floral,Brown,Pants,Dress To Impress,Floral
201030208,79.99,Contemporary And Clean Shirts Black Polka Dots,Black,Shirts,Contemporary And Clean,Polka Dots
101030206,99.99,Contemporary And Clean Shirts Black Paisley,Black,Shirts,Contemporary And Clean,Paisley
102040108,19.99,Utility And Basics Pants White Polka Dots,White,Pants,Utility And Basics,Polka Dots
103031010,49.99,Relaxed And Casual Shirts Orange Animal Print,Orange,Shirts,Relaxed And Casual,Animal Print
104040201,69.99,Dress To Impress Pants Black Plain,Black,Pants,Dress To Impress,Plain
104040604,119.99,Dress To Impress Pants Purple Check,Purple,Pants,Dress To Impress,Check
203050806,109.99,Relaxed And Casual Jackets Pink Paisley,Pink,Jackets,Relaxed And Casual,Paisley
103060706,119.99,Relaxed And Casual Sweaters Red Paisley,Red,Sweaters,Relaxed And Casual,Paisley
203050308,129.99,Relaxed And Casual Jackets Brown Polka Dots,Brown,Jackets,Relaxed And Casual,Polka Dots
101020107,29.99,Contemporary And Clean Shoes White Houndstooth,White,Shoes,Contemporary And Clean,Houndstooth
102060508,39.99,Utility And Basics Sweaters Green Polka Dots,Green,Sweaters,Utility And Basics,Polka Dots
103040604,119.99,Relaxed And Casual Pants Purple Check,Purple,Pants,Relaxed And Casual,Check
101030804,39.99,Contemporary And Clean Shirts Pink Check,Pink,Shirts,Contemporary And Clean,Check
102030307,49.99,Utility And Basics Shirts Brown Houndstooth,Brown,Shirts,Utility And Basics,Houndstooth
204020507,49.99,Dress To Impress Shoes Green Houndstooth,Green,Shoes,Dress To Impress,Houndstooth
104040703,99.99,Dress To Impress Pants Red Geometric,Red,Pants,Dress To Impress,Geometric
103050809,69.99,Relaxed And Casual Jackets Pink Floral,Pink,Jackets,Relaxed And Casual,Floral
102040705,29.99,Utility And Basics Pants Red Plaid,Red,Pants,Utility And Basics,Plaid
102040505,59.99,Utility And Basics Pants Green Plaid,Green,Pants,Utility And Basics,Plaid
208050601,89.99,Athletic Jackets Purple Plain,Purple,Jackets,Athletic,Plain
103020705,29.99,Relaxed And Casual Shoes Red Plaid,Red,Shoes,Relaxed And Casual,Plaid
105060401,89.99,Hispter Trend Sweaters Blue Plain,Blue,Sweaters,Hispter Trend,Plain
304040501,179.99,Dress To Impress Pants Green Plain,Green,Pants,Dress To Impress,Plain
101030507,89.99,Contemporary And Clean Shirts Green Houndstooth,Green,Shirts,Contemporary And Clean,Houndstooth
110010509,39.99,Runway Inspired Hats Green Floral,Green,Hats,Runway Inspired,Floral
101030603,19.99,Contemporary And Clean Shirts Purple Geometric,Purple,Shirts,Contemporary And Clean,Geometric
204010510,69.99,Dress To Impress Hats Green Animal Print,Green,Hats,Dress To Impress,Animal Print
104060401,159.99,Dress To Impress Sweaters Blue Plain,Blue,Sweaters,Dress To Impress,Plain
304060809,69.99,Dress To Impress Sweaters Pink Floral,Pink,Sweaters,Dress To Impress,Floral
201030402,99.99,Contemporary And Clean Shirts Blue Striped,Blue,Shirts,Contemporary And Clean,Striped
104010508,59.99,Dress To Impress Hats Green Polka Dots,Green,Hats,Dress To Impress,Polka Dots
202010703,29.99,Utility And Basics Hats Red Geometric,Red,Hats,Utility And Basics,Geometric
101040309,49.99,Contemporary And Clean Pants Brown Floral,Brown,Pants,Contemporary And Clean,Floral
101050807,59.99,Contemporary And Clean Jackets Pink Houndstooth,Pink,Jackets,Contemporary And Clean,Houndstooth
104030809,69.99,Dress To Impress Shirts Pink Floral,Pink,Shirts,Dress To Impress,Floral
109010403,29.99,Romantic And Bohemian Hats Blue Geometric,Blue,Hats,Romantic And Bohemian,Geometric
110050503,159.99,Runway Inspired Jackets Green Geometric,Green,Jackets,Runway Inspired,Geometric
102060509,139.99,Utility And Basics Sweaters Green Floral,Green,Sweaters,Utility And Basics,Floral
104030607,49.99,Dress To Impress Shirts Purple Houndstooth,Purple,Shirts,Dress To Impress,Houndstooth
109020704,59.99,Romantic And Bohemian Shoes Red Check,Red,Shoes,Romantic And Bohemian,Check
110020308,59.99,Runway Inspired Shoes Brown Polka Dots,Brown,Shoes,Runway Inspired,Polka Dots
104050308,149.99,Dress To Impress Jackets Brown Polka Dots,Brown,Jackets,Dress To Impress,Polka Dots
210050508,109.99,Runway Inspired Jackets Green Polka Dots,Green,Jackets,Runway Inspired,Polka Dots
102030403,39.99,Utility And Basics Shirts Blue Geometric,Blue,Shirts,Utility And Basics,Geometric
204030701,129.99,Dress To Impress Shirts Red Plain,Red,Shirts,Dress To Impress,Plain
104060601,159.99,Dress To Impress Sweaters Purple Plain,Purple,Sweaters,Dress To Impress,Plain
204020607,79.99,Dress To Impress Shoes Purple Houndstooth,Purple,Shoes,Dress To Impress,Houndstooth
309020701,49.99,Romantic And Bohemian Shoes Red Plain,Red,Shoes,Romantic And Bohemian,Plain
103040506,39.99,Relaxed And Casual Pants Green Paisley,Green,Pants,Relaxed And Casual,Paisley
103020501,49.99,Relaxed And Casual Shoes Green Plain,Green,Shoes,Relaxed And Casual,Plain
101020705,49.99,Contemporary And Clean Shoes Red Plaid,Red,Shoes,Contemporary And Clean,Plaid
207060709,119.99,Party Pieces Sweaters Red Floral,Red,Sweaters,Party Pieces,Floral
104010205,59.99,Dress To Impress Hats Black Plaid,Black,Hats,Dress To Impress,Plaid
101060405,29.99,Contemporary And Clean Sweaters Blue Plaid,Blue,Sweaters,Contemporary And Clean,Plaid
302060210,69.99,Utility And Basics Sweaters Black Animal Print,Black,Sweaters,Utility And Basics,Animal Print
101060710,39.99,Contemporary And Clean Sweaters Red Animal Print,Red,Sweaters,Contemporary And Clean,Animal Print
103040409,89.99,Relaxed And Casual Pants Blue Floral,Blue,Pants,Relaxed And Casual,Floral
102060910,29.99,Utility And Basics Sweaters Yellow Animal Print,Yellow,Sweaters,Utility And Basics,Animal Print
102030305,89.99,Utility And Basics Shirts Brown Plaid,Brown,Shirts,Utility And Basics,Plaid
103030709,9.99,Relaxed And Casual Shirts Red Floral,Red,Shirts,Relaxed And Casual,Floral
102050609,119.99,Utility And Basics Jackets Purple Floral,Purple,Jackets,Utility And Basics,Floral
104050309,149.99,Dress To Impress Jackets Brown Floral,Brown,Jackets,Dress To Impress,Floral
101030809,29.99,Contemporary And Clean Shirts Pink Floral,Pink,Shirts,Contemporary And Clean,Floral
201050709,99.99,Contemporary And Clean Jackets Red Floral,Red,Jackets,Contemporary And Clean,Floral
110060408,169.99,Runway Inspired Sweaters Blue Polka Dots,Blue,Sweaters,Runway Inspired,Polka Dots
103060607,99.99,Relaxed And Casual Sweaters Purple Houndstooth,Purple,Sweaters,Relaxed And Casual,Houndstooth
102010801,19.99,Utility And Basics Hats Pink Plain,Pink,Hats,Utility And Basics,Plain
110030307,79.99,Runway Inspired Shirts Brown Houndstooth,Brown,Shirts,Runway Inspired,Houndstooth
203030105,9.99,Relaxed And Casual Shirts White Plaid,White,Shirts,Relaxed And Casual,Plaid
110010307,49.99,Runway Inspired Hats Brown Houndstooth,Brown,Hats,Runway Inspired,Houndstooth
204010801,39.99,Dress To Impress Hats Pink Plain,Pink,Hats,Dress To Impress,Plain
105030609,99.99,Hispter Trend Shirts Purple Floral,Purple,Shirts,Hispter Trend,Floral
103010205,39.99,Relaxed And Casual Hats Black Plaid,Black,Hats,Relaxed And Casual,Plaid
102010504,29.99,Utility And Basics Hats Green Check,Green,Hats,Utility And Basics,Check
102050801,39.99,Utility And Basics Jackets Pink Plain,Pink,Jackets,Utility And Basics,Plain
104060403,199.99,Dress To Impress Sweaters Blue Geometric,Blue,Sweaters,Dress To Impress,Geometric
301050706,49.99,Contemporary And Clean Jackets Red Paisley,Red,Jackets,Contemporary And Clean,Paisley
104060408,199.99,Dress To Impress Sweaters Blue Polka Dots,Blue,Sweaters,Dress To Impress,Polka Dots
203020506,19.99,Relaxed And Casual Shoes Green Paisley,Green,Shoes,Relaxed And Casual,Paisley
103040607,89.99,Relaxed And Casual Pants Purple Houndstooth,Purple,Pants,Relaxed And Casual,Houndstooth
203040403,129.99,Relaxed And Casual Pants Blue Geometric,Blue,Pants,Relaxed And Casual,Geometric
101040302,59.99,Contemporary And Clean Pants Brown Striped,Brown,Pants,Contemporary And Clean,Striped
108030809,89.99,Athletic Shirts Pink Floral,Pink,Shirts,Athletic,Floral
210010406,69.99,Runway Inspired Hats Blue Paisley,Blue,Hats,Runway Inspired,Paisley
103020809,49.99,Relaxed And Casual Shoes Pink Floral,Pink,Shoes,Relaxed And Casual,Floral
107010903,9.99,Party Pieces Hats Yellow Geometric,Yellow,Hats,Party Pieces,Geometric
102030109,39.99,Utility And Basics Shirts White Floral,White,Shirts,Utility And Basics,Floral
107020803,19.99,Party Pieces Shoes Pink Geometric,Pink,Shoes,Party Pieces,Geometric
210021005,69.99,Runway Inspired Shoes Orange Plaid,Orange,Shoes,Runway Inspired,Plaid
102061009,29.99,Utility And Basics Sweaters Orange Floral,Orange,Sweaters,Utility And Basics,Floral
104020907,49.99,Dress To Impress Shoes Yellow Houndstooth,Yellow,Shoes,Dress To Impress,Houndstooth
204040908,99.99,Dress To Impress Pants Yellow Polka Dots,Yellow,Pants,Dress To Impress,Polka Dots
201030110,19.99,Contemporary And Clean Shirts White Animal Print,White,Shirts,Contemporary And Clean,Animal Print
104020805,59.99,Dress To Impress Shoes Pink Plaid,Pink,Shoes,Dress To Impress,Plaid
104020807,69.99,Dress To Impress Shoes Pink Houndstooth,Pink,Shoes,Dress To Impress,Houndstooth
210041007,99.99,Runway Inspired Pants Orange Houndstooth,Orange,Pants,Runway Inspired,Houndstooth
307020803,49.99,Party Pieces Shoes Pink Geometric,Pink,Shoes,Party Pieces,Geometric
204051007,169.99,Dress To Impress Jackets Orange Houndstooth,Orange,Jackets,Dress To Impress,Houndstooth
101050801,139.99,Contemporary And Clean Jackets Pink Plain,Pink,Jackets,Contemporary And Clean,Plain
101020905,29.99,Contemporary And Clean Shoes Yellow Plaid,Yellow,Shoes,Contemporary And Clean,Plaid
201020804,49.99,Contemporary And Clean Shoes Pink Check,Pink,Shoes,Contemporary And Clean,Check
102010903,19.99,Utility And Basics Hats Yellow Geometric,Yellow,Hats,Utility And Basics,Geometric
202060804,159.99,Utility And Basics Sweaters Pink Check,Pink,Sweaters,Utility And Basics,Check
210030206,99.99,Runway Inspired Shirts Black Paisley,Black,Shirts,Runway Inspired,Paisley
104020201,79.99,Dress To Impress Shoes Black Plain,Black,Shoes,Dress To Impress,Plain
102060108,39.99,Utility And Basics Sweaters White Polka Dots,White,Sweaters,Utility And Basics,Polka Dots
101030501,99.99,Contemporary And Clean Shirts Green Plain,Green,Shirts,Contemporary And Clean,Plain
101050805,119.99,Contemporary And Clean Jackets Pink Plaid,Pink,Jackets,Contemporary And Clean,Plaid
203030809,79.99,Relaxed And Casual Shirts Pink Floral,Pink,Shirts,Relaxed And Casual,Floral
101020510,49.99,Contemporary And Clean Shoes Green Animal Print,Green,Shoes,Contemporary And Clean,Animal Print
103021002,49.99,Relaxed And Casual Shoes Orange Striped,Orange,Shoes,Relaxed And Casual,Striped
204030805,99.99,Dress To Impress Shirts Pink Plaid,Pink,Shirts,Dress To Impress,Plaid
201030308,59.99,Contemporary And Clean Shirts Brown Polka Dots,Brown,Shirts,Contemporary And Clean,Polka Dots
101061005,39.99,Contemporary And Clean Sweaters Orange Plaid,Orange,Sweaters,Contemporary And Clean,Plaid
104020905,69.99,Dress To Impress Shoes Yellow Plaid,Yellow,Shoes,Dress To Impress,Plaid
101020310,29.99,Contemporary And Clean Shoes Brown Animal Print,Brown,Shoes,Contemporary And Clean,Animal Print
104020410,59.99,Dress To Impress Shoes Blue Animal Print,Blue,Shoes,Dress To Impress,Animal Print
103060310,169.99,Relaxed And Casual Sweaters Brown Animal Print,Brown,Sweaters,Relaxed And Casual,Animal Print
304010806,69.99,Dress To Impress Hats Pink Paisley,Pink,Hats,Dress To Impress,Paisley
110051007,109.99,Runway Inspired Jackets Orange Houndstooth,Orange,Jackets,Runway Inspired,Houndstooth
110060806,139.99,Runway Inspired Sweaters Pink Paisley,Pink,Sweaters,Runway Inspired,Paisley
103010301,39.99,Relaxed And Casual Hats Brown Plain,Brown,Hats,Relaxed And Casual,Plain
105020301,39.99,Hispter Trend Shoes Brown Plain,Brown,Shoes,Hispter Trend,Plain
206010301,19.99,Funky And Bold Hats Brown Plain,Brown,Hats,Funky And Bold,Plain
110010907,39.99,Runway Inspired Hats Yellow Houndstooth,Yellow,Hats,Runway Inspired,Houndstooth
102040804,49.99,Utility And Basics Pants Pink Check,Pink,Pants,Utility And Basics,Check
104050310,89.99,Dress To Impress Jackets Brown Animal Print,Brown,Jackets,Dress To Impress,Animal Print
104030704,39.99,Dress To Impress Shirts Red Check,Red,Shirts,Dress To Impress,Check
107020201,49.99,Party Pieces Shoes Black Plain,Black,Shoes,Party Pieces,Plain
104061006,159.99,Dress To Impress Sweaters Orange Paisley,Orange,Sweaters,Dress To Impress,Paisley
103040203,129.99,Relaxed And Casual Pants Black Geometric,Black,Pants,Relaxed And Casual,Geometric
201040303,89.99,Contemporary And Clean Pants Brown Geometric,Brown,Pants,Contemporary And Clean,Geometric
104050806,109.99,Dress To Impress Jackets Pink Paisley,Pink,Jackets,Dress To Impress,Paisley
201020401,19.99,Contemporary And Clean Shoes Blue Plain,Blue,Shoes,Contemporary And Clean,Plain
201060202,139.99,Contemporary And Clean Sweaters Black Striped,Black,Sweaters,Contemporary And Clean,Striped
107050102,39.99,Party Pieces Jackets White Striped,White,Jackets,Party Pieces,Striped
101020503,39.99,Contemporary And Clean Shoes Green Geometric,Green,Shoes,Contemporary And Clean,Geometric
103030904,69.99,Relaxed And Casual Shirts Yellow Check,Yellow,Shirts,Relaxed And Casual,Check
101040401,149.99,Contemporary And Clean Pants Blue Plain,Blue,Pants,Contemporary And Clean,Plain
102040905,19.99,Utility And Basics Pants Yellow Plaid,Yellow,Pants,Utility And Basics,Plaid
207060703,139.99,Party Pieces Sweaters Red Geometric,Red,Sweaters,Party Pieces,Geometric
107010703,9.99,Party Pieces Hats Red Geometric,Red,Hats,Party Pieces,Geometric
101011005,19.99,Contemporary And Clean Hats Orange Plaid,Orange,Hats,Contemporary And Clean,Plaid
204051005,109.99,Dress To Impress Jackets Orange Plaid,Orange,Jackets,Dress To Impress,Plaid
104030804,119.99,Dress To Impress Shirts Pink Check,Pink,Shirts,Dress To Impress,Check
108060605,79.99,Athletic Sweaters Purple Plaid,Purple,Sweaters,Athletic,Plaid
108060502,79.99,Athletic Sweaters Green Striped,Green,Sweaters,Athletic,Striped
107030705,69.99,Party Pieces Shirts Red Plaid,Red,Shirts,Party Pieces,Plaid
101050803,99.99,Contemporary And Clean Jackets Pink Geometric,Pink,Jackets,Contemporary And Clean,Geometric
207040405,89.99,Party Pieces Pants Blue Plaid,Blue,Pants,Party Pieces,Plaid
206030703,79.99,Funky And Bold Shirts Red Geometric,Red,Shirts,Funky And Bold,Geometric
106050707,139.99,Funky And Bold Jackets Red Houndstooth,Red,Jackets,Funky And Bold,Houndstooth
103011005,9.99,Relaxed And Casual Hats Orange Plaid,Orange,Hats,Relaxed And Casual,Plaid